name,界,门,纲,目,科,属,种,营养成分
鸡蛋花,植物界,被子植物门,木兰纲,龙胆目,夹竹桃科,鸡蛋花属,鸡蛋花,含有环烯醚萜类、三萜类、黄酮类、挥发油等成分
杭菊,植物界,被子植物门,双子叶植物纲,菊目,菊科,菊属,杭菊花种,含挥发油0.13%、菊甙、腺嘌呤、胆碱、水苏碱及微量维生素A样物质、维生素B、氨基酸及刺槐树碱等
金银花,植物界,被子植物门,木兰纲,川续断目,忍冬科,忍冬属,忍冬,含有绿原酸、异绿原酸等有机酸类化合物，木犀草苷、槲皮素等黄酮类化合物，挥发油类，环烯醚萜类，胡萝卜素等化学成分
小粒咖啡,植物界,被子植物门,木兰纲,龙胆目,茜草科,咖啡属,小粒咖啡,含有大量的多酚类物质，其多酚质量分数达到1.8%~8.6%，主要包括咖啡酸、阿魏酸、异阿魏酸、羟基苯甲酸及其衍生物等
罗汉果,植物界,被子植物门,木兰纲,葫芦目,葫芦科,罗汉果属,罗汉果,富含罗汉果皂苷、多糖类、黄酮类等药用成分及矿物质元素、氨基酸等营养物质
芍药,植物界,被子植物门,木兰纲,虎耳草木,芍药科,芍药属,芍药,"含有芍药苷和苯甲酰芍药苷等成分外,还包含异芍药苷和4-氧-甲基-芍药苷等多种新的化学成分"
苦丁茶,植物界,被子植物门,双子叶植物纲,管状花目,冬青科,冬青属,苦丁茶,主要活性成分为多酚和皂苷类成分
绞股蓝,植物界,被子植物门,木兰纲,葫芦目,葫芦科,绞股蓝属,绞股蓝,其含有皂苷、多糖、黄酮类等化合物及铁、锌、铜、锰、硒等 20多种微量元素
桑,植物界,被子植物门,木兰纲,蔷薇目,桑科,桑属,桑,包括生物碱、黄酮类、苯并呋喃类、萜类、酚酸类、芪类、香豆素类化合物
甘草,植物界,被子植物门,木兰纲,豆目,豆科,甘草属,甘草,三萜类和黄酮类还含有生物碱、多糖、香豆素、氨基酸及Zn、Ca、Sr、Ni、Mn、Fe、Cu、Cr等。药典中规定，甘草中的甘草酸含量不少于2.0%
黄牛奶树,植物界,被子植物树,木兰纲,杜鹃花目,山矾科,山矾属,黄牛奶树,"10 个三萜酸类化合物，其中化合物 1、4、6 为齐墩果烷型，其余均为乌苏烷型。分别鉴定为19α-羟基-4-羰基- 3, 24- 非 -2,4- 开环齐墩果烷 -12- 烯 -2,28- 二 酸（ 19α-hydroxy-4-oxo-3,24-dinor-2,4secoolean-12-en- 2,28-dioic acid，1）、negundonorin A（2）、2α,3β,19α,23-四羟基乌苏烷 -12- 烯 -28- 酸 （ 2α,3β,19α,23-tetra hydroxyurs-12-en-28-oic acid，3）、2α,3β,19α,23-四羟基齐墩果烷 -12-烯 -28- 酸 （ 2α,3β,19α,23- tetrahydroxylean-12-en-28-oic acid，4）、2α,3β,23-三羟基乌苏烷-12-烯-28-酸（2α,3β,23-trihydroxyurs-12-en-28-oic acid，5）、2α,3β,23-三羟基齐墩果烷-12-烯-28-酸（2α,3β,23-trihydroxylean-12-en-28-oic acid，6）、2α,3α,19α,23-四羟基乌苏烷-12-烯-28-酸（2α,3α, 19α,23-tetrahydroxyurs-12-en-28-oic acid，7）、1α,3β, 19α,23-四羟基乌苏烷-12-烯-28-酸（1α,3β,19α,23-"
胡桃,植物界,被子植物门,木兰纲,壳斗目,胡桃科,胡桃属,胡桃,含有的大量不饱和维生素B、脂肪酸、氨基酸、微量元素锌、胡萝卜素等
猕猴桃,植物界,被子植物门,木兰纲,杜鹃花目,猕猴桃科,猕猴桃属,猕猴桃,含有丰富的维生素Ｃ、氨基酸和多种矿物质
无花果,植物界,被子植物门,木兰纲,蔷薇目,桑科,榕属,无花果,含有丰富的蛋白质、膳食纤维、多种维生素、矿物质和脂肪酸等营养成分，尤以钙、镁、饱和脂肪酸含量较高。据测定，每100克无花果干中含有蛋白质3.6克、脂肪4.3克、灰分2.9克、总膳食纤维13.3克、硫胺素0.13毫克、核黄素0.07毫克、烟酸0.79毫克、维生素C5.2毫克、钙363毫克、磷67毫克、钾898毫克、钠10毫克、镁96毫克、铁4.5毫克、锌0.8毫克
沙棘,植物界,被子植物门,木兰纲,蔷薇目,胡颓子科,沙棘属,沙棘,含有多种维生素、脂肪酸、微量元素、亚油素、沙棘黄酮、超氧化物等活性物质和人体所需的各种氨基酸
茉莉花,植物界,被子植物门,木兰纲,唇形目,木樨科,素馨属,茉莉花,含有大量有益于人体健康的化合物。如儿茶素、维生素c、a、咖啡碱、黄烷醇、茶多酚等，而茉莉花茶也含有大量芳香油、香叶醇、橙花椒醇、丁香酯等20多种化合物
枸杞,植物界,被子植物门,木兰纲,茄目,茄科,枸杞属,枸杞,含甜菜碱（betane），阿托品（atropine），天仙子胺（gyoscyamine）
刺梨,植物界,被子植物门,双子叶植物纲,蔷薇目,蔷薇科,山楂属,刺梨,刺梨含有丰富的维生素C、超氧化物歧化酶（SOD）、黄酮类、多酚类、氨基酸、微量元素等营养成分。其中，维生素C的含量尤其丰富，被誉为“维生素C之王”。此外，刺梨还含有多种对人体有益的矿物质和膳食纤维。
洛神花,植物界,被子植物门,双子叶植物纲,桃金娘目,千屈菜科,洛神花属,洛神花,含有丰富的有机酸、维生素C、多种氨基酸、花青素、黄酮类化合物等。
酸角,植物界,被子植物门,双子叶植物纲,蔷薇目,豆科,酸豆属,酸角,含有大量的有机酸、维生素、矿物质、膳食纤维以及多种氨基酸。
金花茶,植物界,被子植物门,木兰纲,山茶目,山茶科,山茶属,金花茶,含有多种氨基酸、茶多酚、维生素、微量元素等。
藤茶,植物界,被子植物门,双子叶植物纲,唇形目,唇形科,多种藤茶属,藤茶,含有多种黄酮类化合物、氨基酸、维生素、矿物质等。
紫苏叶茶,植物界,被子植物门,双子叶植物纲,唇形目,唇形科,紫苏属,紫苏,含有α-亚麻酸、紫苏醛、柠檬烯、薄荷醇、丁香油酚等挥发油，以及多种氨基酸和微量元素。
五味子茶,植物界,被子植物门,木兰纲,毛茛目,木兰科,五味子属,五味子,含有五味子素、去氧五味子素、维生素C、树脂、鞣质、糖类、脂肪油等。
野山楂茶,植物界,被子植物门,双子叶植物纲,蔷薇目,蔷薇科,山楂属,野山楂,含有机酸、维生素C、黄酮类化合物、果胶、微量元素等。
接骨木花茶,植物界,被子植物门,双子叶植物纲,茜草目,忍冬科,接骨木属,接骨木,含有黄酮类化合物、酚酸、挥发油、糖类、氨基酸等。
蒲公英茶,植物界,被子植物门,双子叶植物纲,菊目,菊科,蒲公英属,蒲公英,含有维生素A、C和K、矿物质、铁、钙、叶酸和蒲公英甾醇等。
野玫瑰果茶,植物界,被子植物门,双子叶植物纲,蔷薇目,蔷薇科,蔷薇属,野玫瑰,含有丰富的维生素C、维生素A、铁、钾、镁、钙和抗氧化剂等。
蓝莓叶茶,植物界,被子植物门,双子叶植物纲,杜鹃花目,杜鹃花科,越橘属,蓝莓,含有抗氧化剂、维生素C、E和K、锰、膳食纤维和类黄酮等。
黑加仑叶茶,植物界,被子植物门,双子叶植物纲,蔷薇目,虎耳草科,黑加仑属,黑加仑,含有维生素C、钙、铁、锌、磷、镁、钾和抗氧化剂等。
蜂花粉饮料,植物界,被子植物门,双子叶植物纲,多种目,多种科,多种属,多种种,含有多种营养成分，包括蛋白质、碳水化合物、维生素、矿物质、氨基酸、酶和辅酶等。
松花粉饮料,植物界,被子植物门,松柏纲,松柏目,松科,松属,松,含有丰富的蛋白质、必需氨基酸、维生素（如维生素A、C、D、E）和微量元素（如锌、铁、钙、镁）。
油菜花粉饮料,植物界,被子植物门,双子叶植物纲,十字花目,十字花科,芸苔属,油菜,含有多种维生素（如维生素C、E、K）、矿物质（如钙、铁、钾）、植物固醇和长链脂肪酸。
玉米花粉饮料,植物界,被子植物门,单子叶植物纲,禾本目,禾本科,玉蜀黍属,玉米,含有多种维生素（如维生素A、C、E）、矿物质（如锌、硒）和氨基酸。
荞麦花粉饮料,植物界,被子植物门,双子叶植物纲,蓼目,蓼科,荞麦属,荞麦,含有丰富的蛋白质、赖氨酸、膳食纤维、维生素B群和矿物质。
向日葵花粉饮料,植物界,被子植物门,双子叶植物纲,菊目,菊科,向日葵属,向日葵,含有多种氨基酸、维生素（如维生素E、B群）、矿物质（如钾、钙、铁）和不饱和脂肪酸。
茶花粉饮料,植物界,被子植物门,双子叶植物纲,芸香目,山茶科,山茶属,茶,含有茶多酚、氨基酸、维生素（如维生素C）、矿物质（如锌、硒）和咖啡因。
玫瑰花粉饮料,植物界,被子植物门,双子叶植物纲,蔷薇目,蔷薇科,蔷薇属,玫瑰,含有多种维生素（如维生素C）、矿物质（如钙、铁）、精油和抗氧化物质。
菊花粉饮料,植物界,被子植物门,双子叶植物纲,菊目,菊科,菊属,菊花,含有多种活性成分，如菊花黄酮、挥发油、氨基酸和微量元素，具有清热解毒的功效。
柠檬叶茶,植物界,被子植物门,双子叶植物纲,芸香目,芸香科,柑橘属,柠檬,柠檬叶含有柠檬油，富含维生素C、维生素P、钙、磷、铁等矿物质，以及柠檬苦素、类黄酮等生物活性物质。
甜叶菊茶,植物界,被子植物门,双子叶植物纲,菊目,菊科,甜叶菊属,甜叶菊,甜叶菊叶含有甜菊糖苷，这是一种低热量的天然甜味剂，同时含有维生素A、C、B族维生素以及铁、钙、钾等矿物质。
香蜂草茶,植物界,被子植物门,双子叶植物纲,管状花目,唇形科,香蜂草属,香蜂草,香蜂草叶含有柠檬醛、香叶醇、薄荷醇等挥发性成分，以及多种维生素和矿物质，具有镇静和抗焦虑的效果。
番石榴叶茶,植物界,被子植物门,双子叶植物纲,桃金娘目,桃金娘科,番石榴属,番石榴,番石榴叶含有多种维生素、矿物质、膳食纤维和抗氧化物质，如维生素C、钾、钙、镁等。
桦树汁,植物界,被子植物门,双子叶植物纲,桦木目,桦木科,桦木属,桦树,桦树汁含有多种矿物质（如钾、钙、镁、锰等）、维生素（如维生素C、B族维生素）、氨基酸、抗氧化物质和天然糖分。它是一种天然的能量饮料，含有桦树特有的生物活性物质。
竹叶饮料,植物界,被子植物门,单子叶植物纲,禾本目,禾本科,竹属,多种竹种,竹叶含有多种营养成分，包括氨基酸、维生素、矿物质（如钾、钙、镁等）、抗氧化物质，以及特有的生物活性成分，如竹叶黄酮等。
橄榄,植物界,被子植物门,双子叶植物纲,蔷薇目,橄榄科,橄榄属,橄榄,橄榄含有维生素E、抗氧化物质、单不饱和脂肪酸、膳食纤维以及微量元素如钙、铁和镁。
黄瓜汁,植物界,被子植物门,双子叶植物纲,堇菜目,葫芦科,黄瓜属,黄瓜,黄瓜汁含有维生素A、C和K、钾、镁、硅等矿物质，以及水分和膳食纤维。
月见草,植物界,被子植物门,双子叶植物纲,桃金娘目,柳叶菜科,月见草属,月见草,月见草含有γ-亚麻酸（GLA），这是一种重要的ω-6系列多不饱和脂肪酸，以及抗氧化物质、维生素和矿物质。
葫芦叶,植物界,被子植物门,双子叶植物纲,堇菜目,葫芦科,葫芦属,葫芦,葫芦叶含有多种维生素、矿物质和膳食纤维，具有清热解毒、利尿消肿的功效。
松针茶,植物界,被子植物门,松柏纲,松柏目,松科,松属,多种松种,松针含有多种挥发油、树脂、维生素、氨基酸、矿物质和抗氧化物质。
枫树汁,植物界,被子植物门,双子叶植物纲,蔷薇目,槭树科,槭属,枫树,枫树汁含有矿物质（如钾、钙、镁）、糖分、氨基酸和多种维生素。
杜仲茶,植物界,被子植物门,双子叶植物纲,蔷薇目,杜仲科,杜仲属,杜仲,杜仲含有杜仲胶、黄酮类化合物、氨基酸、维生素和矿物质。
罗勒茶,植物界,被子植物门,双子叶植物纲,管状花目,唇形科,罗勒属,罗勒,罗勒含有挥发油（如丁香油酚、罗勒烯）、黄酮类化合物、维生素和矿物质。
香椿叶,植物界,被子植物门,双子叶植物纲,无患子目,楝科,香椿属,香椿,香椿叶含有蛋白质、脂肪、碳水化合物、维生素C、E和B群、矿物质和膳食纤维。
酸枣叶,植物界,被子植物门,双子叶植物纲,鼠李目,鼠李科,枣属,酸枣,酸枣叶含有生物碱、黄酮类化合物、氨基酸、维生素和矿物质等。这些成分赋予酸枣叶多种潜在的健康益处，如抗氧化、抗炎和安神等。
桑寄生茶,植物界,被子植物门,双子叶植物纲,檀香目,桑寄生科,桑寄生属,桑寄生,桑寄生含有黄酮类化合物、酚类、氨基酸、维生素和矿物质等，具有多种药用价值，包括滋补强身和抗氧化。
葛根,植物界,被子植物门,双子叶植物纲,豆目,蝶形花科,葛属,葛,葛根含有丰富的淀粉、异黄酮类化合物（如葛根素）、膳食纤维、维生素和矿物质，具有解热、降血糖和改善心血管健康的功效。
黄连,植物界,被子植物门,双子叶植物纲,毛茛目,毛茛科,黄连属,黄连,黄连含有多种生物碱（如小檗碱）、黄酮类化合物、酚类等，具有显著的抗菌、抗炎和清热解毒作用。
何首乌,植物界,被子植物门,双子叶植物纲,蓼目,蓼科,何首乌属,何首乌,何首乌含有多种药理活性成分，包括大黄酚、大黄素、大黄酸、何首乌多糖等，具有滋补肝肾、乌发、强筋骨等功效。
艾草,植物界,被子植物门,双子叶植物纲,菊目,菊科,艾属,艾,艾草含有挥发油（如桉树脑、樟脑等）、黄酮类化合物、维生素和矿物质等，具有温经止血、驱寒、祛湿等功效。
洋参,植物界,被子植物门,双子叶植物纲,伞形目,五加科,人参属,西洋参,洋参含有人参皂苷、多糖、氨基酸、维生素和微量元素等，具有增强免疫力、抗疲劳、提高记忆力等功效。
紫锥花,植物界,被子植物门,双子叶植物纲,桔梗目,菊科,紫锥花属,紫锥花,紫锥花含有菊糖、多糖、黄酮类化合物、挥发油、维生素和矿物质等，具有增强免疫力、抗炎、抗病毒等功效。
马黛,植物界,被子植物门,双子叶植物纲,唇形目,马黛科,伊勒梯木属,巴拉圭冬青,马黛含有咖啡因、单宁、维生素、矿物质和多种氨基酸等，具有提神醒脑、助消化、降低胆固醇等功效。
红景天,植物界,被子植物门,双子叶植物纲,蔷薇目,景天科,红景天属,红景天,红景天含有红景天苷、黄酮类化合物、多糖、氨基酸、维生素和矿物质等，具有抗疲劳、提高耐力、增强免疫力等功效。
石斛,植物界,被子植物门,单子叶植物纲,微子目,兰科,石斛属,多种石斛种,石斛含有石斛多糖、石斛碱、氨基酸、微量元素等，具有增强免疫力、抗疲劳等功效。
木蝴蝶,植物界,被子植物门,双子叶植物纲,蔷薇目,紫葳科,木蝴蝶属,木蝴蝶,木蝴蝶含有多种生物活性成分，如木蝴蝶素、黄酮类化合物、氨基酸和矿物质，具有清热解毒、润肺止咳的功效。
藤三七,植物界,被子植物门,双子叶植物纲,川续断目,落葵科,落葵薯属,藤三七,藤三七含有黄酮类化合物、甾体皂苷、多糖、氨基酸和微量元素等，具有降血压、降血脂、增强免疫力等功效。
龙血树叶,植物界,被子植物门,百合纲,百合目,龙血树科,龙血树属,龙血树,龙血树叶含有龙血素、黄酮类化合物、酚类化合物、氨基酸和矿物质等，具有抗炎、抗氧化、促进伤口愈合等功效。
辣木叶,植物界,被子植物门,双子叶植物纲,辣木目,辣木科,辣木属,辣木,辣木叶含有丰富的维生素A、C、E、B族维生素，矿物质（如钙、铁、钾），蛋白质，以及氨基酸。
金鸡纳,植物界,被子植物门,双子叶植物纲,茜草目,茜草科,金鸡纳属,金鸡纳,金鸡纳树皮含有奎宁、金鸡纳碱等生物碱，具有抗疟疾和解热的功效。
猴面包树叶,植物界,被子植物门,双子叶植物纲,锦葵目,木棉科,猴面包树属,猴面包树,猴面包树叶含有维生素C、钙、磷、铁等矿物质，以及膳食纤维。
罗望子叶,植物界,被子植物门,双子叶植物纲,蔷薇目,豆科,罗望子属,罗望子,罗望子叶含有多种生物活性物质，如罗望子素、黄酮类化合物，以及维生素和矿物质。
香樟叶茶,植物界,被子植物门,双子叶植物纲,樟目,樟科,樟属,香樟,香樟叶含有挥发油（如樟脑、桉叶油醇）、黄酮类化合物、维生素和矿物质。
野葡萄叶,植物界,被子植物门,双子叶植物纲,葡萄目,葡萄科,葡萄属,野葡萄,野葡萄叶含有抗氧化物质、黄酮类化合物、维生素和矿物质。
山茱萸茶,植物界,被子植物门,双子叶植物纲,山茱萸目,山茱萸科,山茱萸属,山茱萸,山茱萸含有山茱萸苷、熊果酸、多种氨基酸、维生素和矿物质。
野木瓜叶,植物界,被子植物门,双子叶植物纲,蔷薇目,蔷薇科,木瓜属,野木瓜,野木瓜叶含有木瓜蛋白酶、木瓜碱、维生素C、维生素A、矿物质等。
胡萝卜汁,植物界,被子植物门,双子叶植物纲,伞形目,伞形科,胡萝卜属,胡萝卜,胡萝卜汁富含维生素A（β-胡萝卜素）、维生素C、钾、膳食纤维、抗氧化物质。
姜汁,植物界,被子植物门,单子叶植物纲,芭蕉目,姜科,姜属,姜,姜汁含有姜辣素、姜烯、姜醇、维生素C、矿物质和抗氧化物质。
西红柿,植物界,被子植物门,双子叶植物纲,茄目,茄科,番茄属,西红柿,西红柿含有丰富的维生素C、胡萝卜素、钾、叶酸、维生素K、抗氧化剂番茄红素等。
芹菜,植物界,被子植物门,双子叶植物纲,伞形目,伞形科,芹菜属,芹菜,芹菜含有大量的水分、膳食纤维、维生素K、维生素C、钾、钙、磷等矿物质。
西兰花,植物界,被子植物门,双子叶植物纲,十字花目,十字花科,芸苔属,西兰花,西兰花富含膳食纤维、维生素C、维生素K、维生素A、钙、铁、抗氧化剂等。
甘蔗,植物界,被子植物门,单子叶植物纲,禾本目,禾本科,甘蔗属,甘蔗,甘蔗含有大量的蔗糖、水分、维生素B群、铁、钙、磷、钾等矿物质。
苦瓜,植物界,被子植物门,双子叶植物纲,葫芦目,葫芦科,苦瓜属,苦瓜,苦瓜含有维生素C、钾、膳食纤维、维生素B群、抗氧化剂、苦瓜素等。
松露茶,真菌界,子囊菌门,盘菌纲,盘菌目,块菌科,块菌属,松露,松露含有多种氨基酸、蛋白质、维生素、矿物质以及独特的香气化合物。
松萝茶,植物界,被子植物门,地衣纲,松萝目,松萝科,松萝属,松萝,松萝含有地衣酸、多种维生素、矿物质和抗氧化物质。
仙人掌果,植物界,被子植物门,双子叶植物纲,仙人掌目,仙人掌科,仙人掌属,多种仙人掌种,仙人掌果含有维生素C、维生素E、膳食纤维、钾、钙、抗氧化物质。
野樱桃叶茶,植物界,被子植物门,双子叶植物纲,蔷薇目,蔷薇科,樱属,野樱桃,野樱桃叶含有多种维生素、矿物质、抗氧化剂和类黄酮。
野草莓叶茶,植物界,被子植物门,双子叶植物纲,蔷薇目,蔷薇科,草莓属,野草莓,野草莓叶含有多种维生素、矿物质、抗氧化剂和类黄酮。
野黑莓茶,植物界,被子植物门,双子叶植物纲,蔷薇目,蔷薇科,黑莓属,野黑莓,野黑莓叶含有多种维生素、矿物质、抗氧化剂和类黄酮。
野蓝莓茶,植物界,被子植物门,双子叶植物纲,杜鹃花目,杜鹃花科,越橘属,野蓝莓,野蓝莓叶含有抗氧化剂、维生素C、E和K、锰、膳食纤维和类黄酮。
覆盆子叶,植物界,被子植物门,双子叶植物纲,蔷薇目,蔷薇科,覆盆子属,覆盆子,覆盆子叶含有多种维生素、矿物质、抗氧化剂和类黄酮。
桑葚叶,植物界,被子植物门,双子叶植物纲,荨麻目,桑科,桑属,桑,桑葚叶含有多种维生素、矿物质、抗氧化剂和类黄酮。
苹果汁,植物界,被子植物门,双子叶植物纲,蔷薇目,蔷薇科,苹果属,苹果,苹果汁富含维生素C、维生素K、抗氧化剂、膳食纤维和钾等矿物质。
梨汁,植物界,被子植物门,双子叶植物纲,蔷薇目,蔷薇科,梨属,梨,梨汁含有多种维生素、矿物质、膳食纤维和抗氧化剂，具有润肺清热的功效。
蔓越莓汁,植物界,被子植物门,双子叶植物纲,杜鹃花目,杜鹃花科,越橘属,蔓越莓,蔓越莓汁富含维生素C、抗氧化剂、原花青素和膳食纤维，有助于预防尿路感染。
枇杷汁,植物界,被子植物门,双子叶植物纲,蔷薇目,蔷薇科,枇杷属,枇杷,枇杷汁含有维生素A、C、钾、抗氧化剂和膳食纤维，具有润肺止咳的功效。
桃汁,植物界,被子植物门,双子叶植物纲,蔷薇目,蔷薇科,桃属,桃,桃汁富含维生素A、C、E、钾、抗氧化剂和膳食纤维，有助于维持心血管健康。
李子汁,植物界,被子植物门,双子叶植物纲,蔷薇目,蔷薇科,李属,李,李子汁含有多种维生素、矿物质、抗氧化剂和膳食纤维，具有促进消化和抗氧化的作用。
南瓜汁,植物界,被子植物门,双子叶植物纲,葫芦目,葫芦科,南瓜属,南瓜,南瓜汁富含维生素A（胡萝卜素）、维生素C、钾、膳食纤维、抗氧化剂如β-胡萝卜素、叶黄素和矿物质，有助于维护视力、增强免疫力和促进消化健康。
丝瓜汁,植物界,被子植物门,双子叶植物纲,葫芦目,葫芦科,丝瓜属,丝瓜,丝瓜汁含有维生素C、B族维生素、矿物质（如钙、镁、磷）和膳食纤维，具有清热解毒、利尿消肿的功效。
西瓜汁,植物界,被子植物门,双子叶植物纲,葫芦目,葫芦科,西瓜属,西瓜,西瓜汁含有大量的水分、维生素A、维生素C、抗氧化剂（如番茄红素和β-胡萝卜素）、氨基酸和矿物质，具有清热解暑、利尿的作用。
冬瓜汁,植物界,被子植物门,双子叶植物纲,葫芦目,葫芦科,冬瓜属,冬瓜,冬瓜汁含有维生素C、钾、膳食纤维和多种微量元素，有助于利尿、清热和减肥。
佛手瓜汁,植物界,被子植物门,双子叶植物纲,葫芦目,葫芦科,佛手瓜属,佛手瓜,佛手瓜汁含有维生素C、钾、钙、镁和膳食纤维，具有抗氧化和增强免疫力的功效。
刺瓜汁,植物界,被子植物门,双子叶植物纲,葫芦目,葫芦科,刺瓜属,刺瓜,刺瓜汁含有维生素C、矿物质和膳食纤维，具有清热解毒和利尿的作用。
蛇瓜汁,植物界,被子植物门,双子叶植物纲,葫芦目,葫芦科,蛇瓜属,蛇瓜,蛇瓜汁含有维生素C、B族维生素、矿物质和膳食纤维，具有清热、解毒和利尿的功效。
马泡瓜汁,植物界,被子植物门,双子叶植物纲,葫芦目,葫芦科,南瓜属,马泡瓜,马泡瓜汁含有维生素A、C、钾、膳食纤维和抗氧化物质，有助于增强免疫力和促进消化健康。
花椰菜汁,植物界,被子植物门,双子叶植物纲,十字花目,十字花科,甘蓝属,花椰菜,花椰菜汁富含维生素C、维生素K、维生素B群、膳食纤维、抗氧化剂和矿物质。
芥蓝汁,植物界,被子植物门,双子叶植物纲,十字花目,十字花科,甘蓝属,芥蓝,芥蓝汁含有维生素A、C、K、膳食纤维、矿物质和抗氧化剂。
白菜汁,植物界,被子植物门,双子叶植物纲,十字花目,十字花科,芸苔属,白菜,白菜汁富含维生素C、维生素A、膳食纤维、钾和抗氧化剂。
芥菜汁,植物界,被子植物门,双子叶植物纲,十字花目,十字花科,芥菜属,芥菜,芥菜汁含有维生素A、C、K、膳食纤维、矿物质和抗氧化剂。
山葵汁,植物界,被子植物门,双子叶植物纲,十字花目,十字花科,山葵属,山葵,山葵汁含有异硫氰酸酯类化合物、维生素C、膳食纤维和抗氧化物质。
芜菁汁,植物界,被子植物门,双子叶植物纲,十字花目,十字花科,芸苔属,芜菁,芜菁汁含有维生素C、维生素K、膳食纤维、矿物质和抗氧化剂。
辣根汁,植物界,被子植物门,双子叶植物纲,十字花目,十字花科,辣根属,辣根,辣根汁含有异硫氰酸酯类化合物、维生素C、膳食纤维和抗氧化物质。
牛蒡茶,植物界,被子植物门,双子叶植物纲,菊目,菊科,牛蒡属,牛蒡,牛蒡茶含有菊糖、纤维素、蛋白质、钙、铁、维生素A、B1、C等，具有促进消化和增强免疫力的功效。
菊芋茶,植物界,被子植物门,双子叶植物纲,菊目,菊科,向日葵属,菊芋,菊芋茶含有菊糖、维生素、矿物质和膳食纤维，有助于调节血糖和增强体力。
茼蒿茶,植物界,被子植物门,双子叶植物纲,菊目,菊科,茼蒿属,茼蒿,茼蒿茶含有维生素A、C、K、钙、铁、膳食纤维和抗氧化物质，具有清热解毒和降血压的作用。
洋甘菊茶,植物界,被子植物门,双子叶植物纲,菊目,菊科,母菊属,洋甘菊,洋甘菊茶含有挥发油、黄酮类化合物、维生素和矿物质，具有镇静、抗炎和助眠的效果。
甘蓝汁,植物界,被子植物门,双子叶植物纲,十字花目,十字花科,甘蓝属,甘蓝,甘蓝汁富含维生素C、维生素K、维生素B6、叶酸、钙、膳食纤维和抗氧化剂，有助于增强免疫力和促进消化健康。
辣椒汁,植物界,被子植物门,双子叶植物纲,茄目,茄科,辣椒属,辣椒,辣椒汁含有辣椒素、维生素C、胡萝卜素、叶酸以及抗氧化物质，具有提味和促进新陈代谢的作用。
灯笼果汁,植物界,被子植物门,双子叶植物纲,茄目,茄科,灯笼果属,灯笼果,灯笼果汁含有维生素C、胡萝卜素、矿物质以及抗氧化物质，具有酸甜口感和一定的保健作用。
苦蘵汁,植物界,被子植物门,双子叶植物纲,茄目,茄科,苦蘵属,苦蘵,苦蘵汁含有生物碱、维生素和矿物质，但由于其苦味和潜在的毒性，不建议直接食用或榨汁。
马铃薯汁,植物界,被子植物门,双子叶植物纲,茄目,茄科,马铃薯属,马铃薯,马铃薯汁含有碳水化合物、膳食纤维、维生素C、B族维生素和矿物质，但由于马铃薯含有较多的淀粉，通常不用于榨汁。
香菜汁,植物界,被子植物门,双子叶植物纲,伞形目,伞形科,芫荽属,香菜,香菜汁含有维生素C、钾、膳食纤维、抗氧化剂以及特有的香气成分，如芫荽油。
茴香汁,植物界,被子植物门,双子叶植物纲,伞形目,伞形科,茴香属,茴香,茴香汁含有维生素A、C、膳食纤维、矿物质（如铁、钙、镁）以及茴香脑等挥发性油。
莳萝汁,植物界,被子植物门,双子叶植物纲,伞形目,伞形科,莳萝属,莳萝,莳萝汁含有维生素C、钾、膳食纤维和特有的香气成分，如莳萝酮。
孜然汁,植物界,被子植物门,双子叶植物纲,伞形目,伞形科,孜然属,孜然,孜然汁含有维生素B群、膳食纤维、矿物质（如铁、钙）以及特有的香气成分，如孜然油。
芫荽汁,植物界,被子植物门,双子叶植物纲,伞形目,伞形科,芫荽属,芫荽,芫荽汁含有维生素C、钾、膳食纤维和特有的香气成分，如芫荽油。
防风草汁,植物界,被子植物门,双子叶植物纲,伞形目,伞形科,防风属,防风草,防风草汁含有维生素A、C、膳食纤维、矿物质（如铁、钙）以及特有的药用成分，如防风草醇。
龙胆草,植物界,被子植物门,双子叶植物纲,龙胆目,龙胆科,龙胆属,龙胆,龙胆草含有龙胆苦苷、龙胆碱等生物活性成分，具有清热燥湿、泻肝胆火的功效。
金钱草,植物界,被子植物门,双子叶植物纲,龙胆目,报春花科,金钱草属,金钱草,金钱草含有黄酮类化合物、酚类、氨基酸等，具有清热解毒、利尿通淋的作用。
紫草,植物界,被子植物门,双子叶植物纲,龙胆目,紫草科,紫草属,紫草,紫草含有丰富的紫草素、β-胡萝卜素等，具有清热解毒、活血化瘀的功效。
钩吻,植物界,被子植物门,双子叶植物纲,龙胆目,茜草科,钩吻属,钩吻,钩吻含有钩吻碱、钩吻宁等生物碱，具有清热解毒、消肿止痛的作用。
滇紫草,植物界,被子植物门,双子叶植物纲,龙胆目,紫草科,滇紫草属,滇紫草,滇紫草含有多种生物活性成分，具有清热解毒、活血化瘀的功效。
白花蛇舌草,植物界,被子植物门,双子叶植物纲,龙胆目,茜草科,蛇舌草属,白花蛇舌草,白花蛇舌草含有多种生物活性成分，具有清热解毒、利湿消肿的作用。
滇龙胆,植物界,被子植物门,双子叶植物纲,龙胆目,龙胆科,龙胆属,滇龙胆,滇龙胆含有龙胆苦苷、龙胆碱等生物活性成分，具有清热燥湿、泻肝胆火的功效。
葛缕子汁,植物界,被子植物门,双子叶植物纲,伞形目,伞形科,葛缕子属,葛缕子,葛缕子含有挥发油（如葛缕子油）、黄酮类化合物、维生素和矿物质，具有促进消化和缓解肠胃不适的作用。
酸浆果,植物界,被子植物门,双子叶植物纲,管状花目,茄科,酸浆属,酸浆,酸浆果含有丰富的蛋白质、脂肪、糖类、维生素、矿物质、酸浆果红素等，具有清热解毒、利尿等作用。
橙子汁,植物界,被子植物门,双子叶植物纲,蔷薇目,芸香科,柑橘属,橙子,橙子汁富含维生素C、钾、钙、膳食纤维，以及抗氧化物质如黄酮类化合物和维生素P，有助于增强免疫力和促进皮肤健康。
野生土豆,植物界,被子植物门,双子叶植物纲,茄目,茄科,马铃薯属,野生土豆,含有碳水化合物、纤维素、维生素C、维生素B6，以及钾和铁。
野生稻,植物界,被子植物门,单子叶植物纲,禾本目,禾本科,稻属,野生稻,含有大量的碳水化合物、蛋白质、纤维素、维生素B1、B2、B6及矿物质如镁和磷。
野生小麦,植物界,被子植物门,单子叶植物纲,禾本目,禾本科,小麦属,野生小麦,含有蛋白质、碳水化合物、膳食纤维、维生素B群及矿物质如铁和锌。
野生大豆,植物界,被子植物门,双子叶植物纲,豆目,豆科,大豆属,野生大豆,富含蛋白质、碳水化合物、脂肪、膳食纤维、维生素B群、铁和钙。
野生燕麦,植物界,被子植物门,单子叶植物纲,禾本目,禾本科,燕麦属,野生燕麦,含有碳水化合物、蛋白质、膳食纤维、维生素B1、B5、B6，以及矿物质如镁和锌。
榛子,植物界,被子植物门,双子叶植物纲,桦木目,桦木科,榛子属,榛子,榛子富含健康脂肪、蛋白质、维生素E、镁、铜、锰和锌，对心脏健康有益。
野生蓝莓,植物界,被子植物门,双子叶植物纲,杜鹃花目,杜鹃花科,蓝莓属,野生蓝莓,野生蓝莓含有丰富的抗氧化剂、维生素C、维生素K、纤维和矿物质，有助于提高视力和增强免疫力。
蕨菜,植物界,蕨类植物门,蕨纲,蕨目,蕨科,石松属,蕨菜,蕨菜富含维生素A、维生素C、钙、铁和纤维，有助于促进骨骼健康和消化系统功能。
森林蘑菇（例如牛肝菌）,真菌界,担子菌门,担子菌纲,牛肝菌目,牛肝菌科,牛肝菌属,牛肝菌,牛肝菌富含蛋白质、纤维、维生素D、钾和铁，有助于增强免疫力和维持心血管健康。
野生红枣,植物界,被子植物门,双子叶植物纲,鼠李目,鼠李科,枣属,野生红枣,野生红枣富含维生素C、维生素A、钙、铁和多种抗氧化成分，有助于提高免疫力和促进血液循环。
山核桃,植物界,被子植物门,双子叶植物纲,胡桃目,胡桃科,核桃属,山核桃,山核桃含有丰富的单不饱和脂肪、蛋白质、纤维、维生素E、镁和锰，有助于心脏健康和抗氧化。
野生山药,植物界,被子植物门,单子叶植物纲,山药目,山药科,山药属,野生山药,野生山药富含淀粉、蛋白质、维生素C和B族维生素，有助于消化和增强免疫系统。
板栗,植物界,被子植物门,双子叶植物纲,板栗目,板栗科,板栗属,板栗,板栗富含淀粉、纤维、维生素C、钙和镁，有助于提供能量和促进骨骼健康。
白蘑菇,真菌界,担子菌门,担子菌纲,担子菌目,蘑菇科,蘑菇属,白蘑菇,白蘑菇含有维生素D、B族维生素、纤维和矿物质，有助于增强免疫力和促进消化。
桑椹,植物界,被子植物门,双子叶植物纲,桑科目,桑科,桑属,桑椹,桑椹富含维生素C、维生素K、铁、钙、纤维和抗氧化物，有助于增强免疫力和改善血液健康。
野生花椒,植物界,被子植物门,双子叶植物纲,芸香目,芸香科,花椒属,花椒,花椒富含维生素C、矿物质、精油和抗氧化剂，有助于促进消化和缓解疼痛。
山药豆,植物界,被子植物门,单子叶植物纲,山药目,山药科,山药属,山药豆,山药豆富含淀粉、蛋白质、维生素C和B族维生素，有助于消化系统的健康和免疫系统的增强。
松子,植物界,被子植物门,双子叶植物纲,松科目,松科,松子属,松子,松子含有丰富的健康脂肪、蛋白质、维生素E、镁和锰，对心脏健康有益。
野生芦笋,植物界,被子植物门,单子叶植物纲,芦笋目,芦笋科,芦笋属,芦笋,芦笋富含维生素A、维生素C、维生素K、纤维和矿物质，有助于消化和抗氧化。
野生龙眼,植物界,被子植物门,双子叶植物纲,芸香目,芸香科,龙眼属,龙眼,龙眼含有维生素C、维生素B群、铁和钙，有助于增强免疫系统和促进血液健康。
木耳,真菌界,担子菌门,担子菌纲,木耳目,木耳科,木耳属,木耳,木耳富含纤维、维生素D、铁和钙，有助于血液循环和骨骼健康。
野生黄花菜,植物界,被子植物门,双子叶植物纲,百合目,百合科,黄花菜属,黄花菜,黄花菜富含维生素A、维生素C、钙、铁和抗氧化剂，有助于维持眼睛健康和免疫功能。
草莓,植物界,被子植物门,双子叶植物纲,蔷薇目,蔷薇科,草莓属,草莓,草莓富含维生素C、纤维、锰和抗氧化剂，对免疫系统和心血管健康有益。
野生木瓜,植物界,被子植物门,双子叶植物纲,木瓜目,木瓜科,木瓜属,木瓜,木瓜富含维生素C、维生素A、叶酸和纤维，有助于消化和提高免疫力。
松蘑,真菌界,担子菌门,担子菌纲,松蘑目,松蘑科,松蘑属,松蘑,松蘑富含蛋白质、纤维、维生素D和矿物质，对免疫系统和骨骼健康有益。
魔芋,植物界,被子植物门,单子叶植物纲,天南星目,天南星科,魔芋属,Unknown,富含膳食纤维、多种氨基酸和微量元素，块茎可加工成魔芋粉，是低热量食品。
百合,植物界,被子植物门,单子叶植物纲,百合目,百合科,百合属,Unknown,富含淀粉、蛋白质、脂肪及多种维生素，其鳞茎可食用或入药。
莲藕,植物界,被子植物门,双子叶植物纲,睡莲目,睡莲科,莲属,Unknown,富含淀粉、蛋白质、维生素及多种矿物质，是常见的根茎类蔬菜。
黄精,植物界,被子植物门,双子叶植物纲,百合目,百合科,黄精属,Unknown,富含淀粉、多糖、氨基酸及多种微量元素，是药食同源的植物。
藜麦,植物界,被子植物门,双子叶植物纲,藜目,藜科,藜属,Unknown,富含全蛋白、膳食纤维、维生素及矿物质，是近年来备受推崇的超级食物。
野豌豆,植物界,被子植物门,双子叶植物纲,豆目,豆科,野豌豆属,Unknown,富含蛋白质、淀粉及多种维生素，是森林中的优质植物蛋白来源。
土当归,植物界,被子植物门,双子叶植物纲,伞形目,伞形科,当归属,Unknown,富含淀粉、膳食纤维及多种药用成分，是药食同源的植物。
野蒜,植物界,被子植物门,单子叶植物纲,百合目,葱科（或石蒜科，根据具体种类）,葱属（或相关属）,Unknown,富含膳食纤维、维生素及矿物质，具有独特的蒜香味。
野韭菜,植物界,被子植物门,单子叶植物纲,百合目,葱科,葱属,Unknown,与韭菜相近，富含维生素、矿物质及膳食纤维。
野荞麦,植物界,被子植物门,双子叶植物纲,蓼目,蓼科,荞麦属,Unknown,富含蛋白质、淀粉及多种矿物质，是森林中的优质杂粮。
野慈姑,植物界,被子植物门,单子叶植物纲,泽泻目,泽泻科,慈姑属,Unknown,富含淀粉、蛋白质及多种维生素，是药食同源的植物。
百里香,植物界,被子植物门,木兰纲,唇形目,唇形科,百里香属,百里香,含有多种营养成分，包括挥发油、黄酮成分、矿物质和维生素等
白豆蔻,植物界,被子植物门,木兰纲,姜目,姜科,豆蔻属,白豆蔻,"碳水化合物,蛋白质,维生素等"
山奈,植物界,被子植物门,单子叶植物纲,芭蕉目,姜科,山奈属,山奈,含挥发油、黄酮、香豆素、蛋白质、淀粉及黏液质等
柠檬草,植物界,维管植物门,木兰纲,木兰目,禾本科,香茅属,柠檬草,蛋白质、脂肪、饱和脂肪酸、碳水化合物、钠、镁、钾、维生素等
丁香,植物界,被子植物门,双子叶植物纲,桃金娘目,桃金娘科,蒲桃属,丁香,含挥发油、黄酮、香豆素、蛋白质、淀粉及黏液质等
锁阳,植物界,被子植物门,木兰纲,虎耳草目,锁阳科,锁阳属,锁阳,含花色甙、三萜皂甙、鞣质、胡萝卜甙、β-谷甾醇、熊果酸、儿茶素、没食子酸
当归,植物界,被子植物门,木兰纲,伞形目,伞形科,当归属,当归,包括挥发油、酚类化合物、香豆素类化合物、萜类化合物、顺式-芹菜素等
西青果,植物界,被子植物门,双子叶植物纲,桃金娘目,使君子科,诃子属,诃子,富含多种维生素、矿物质和抗氧化物质等营养成分
孜然,植物界,被子植物门,木兰纲,伞形目,伞形科,孜然芹属,孜然芹,包括碳水化合物、脂肪、蛋白质、纤维素等
香果,植物界,被子植物门,双子叶植物纲,伞形目,伞形科,藁本属,川芎,富含挥发油、烟酸、蔗糖、多糖等
荜拔,植物界,被子植物门,木兰纲,胡椒目,胡椒科,胡椒属,荜拔,含有胡椒碱、棕榈酸、哌啶、挥发油等
黄栀子,植物界,被子植物门,双子叶植物纲,茜草目,茜草科,栀子属,黄栀子,"主要成分是类胡萝卜素类的藏花素( Croc in)和藏花酸(C rocet in) ,还含有环烯醚萜苷类的栀子苷以及黄酮、绿原酸"
草果,植物界,被子植物门,木兰纲,姜目,姜科,豆蔻属,草果,含有膳食纤维、蛋白质、维生素A、维生素C、钙等
蓝桉,植物界,被子植物门,双子叶植物纲,桃金娘目,桃金娘科,桉属,蓝桉,包括挥发油、芸香甙、槲皮甙、槲皮素、L(+)-高丝氨酸等
龙眼,植物界,维管植物门,木兰纲,无患子目,无患子科,龙眼属,龙眼,富含葡萄糖、果糖、维生素B1及B2、维生素C、钙、铁、磷等
黄芪,植物界,维管植物门,木兰纲,豆目,豆科,黄芪属,黄芪,多糖、蛋白质、胡萝卜素、维生素C、铁、锌等
桃,植物界,被子植物门,木兰纲,蔷薇目,蔷薇科,李属,桃,包括维生素C、矿物质、膳食纤维、抗氧化物质、蛋白质和碳水化合物等
砂仁,植物界,被子植物门,木兰纲,姜目,姜科,豆蔻属,砂仁,碳水化合物、脂肪、蛋白质、膳食纤维、维生素和矿物质、挥发油等
辛夷,植物界,被子植物门,双子叶植物纲,毛茛目,木兰科,木兰属,辛夷,"主要成分有丁香酚、柠檬醛等,根里面主要含有木兰花碱,花和果实主要含有芍药素"
白芷,植物界,被子植物门,双子叶植物纲,伞形目,伞形科,当归属,白芷,蛋白质、维生素、矿物质、膳食纤维、多酚类物质、黄酮类物质等
芝麻,植物界,被子植物门,木兰纲,唇形目,芝麻科,芝麻属,芝麻,"脂肪、蛋白质,、糖类、维生素A、维生素E、卵磷脂、钙、铁、镁等"
白果,植物界,被子植物门,松纲,银杏目,银杏科,银杏属,银杏,蛋白质、维生素C、核黄素、胡萝卜素、黄酮类和多糖类等
葛缕子,植物界,被子植物门,木兰纲,伞形目,伞形科,葛缕子属,葛缕子,脂类、矿物质、维生素、氨基酸等
艾叶,植物界,被子植物门,双子叶植物纲,菊目,菊科,蒿属,艾,挥发油、黄酮类化合物、萜烯类化合物、氨基酸和微量元素等
红枣,植物界,被子植物门,木兰纲,蔷薇目,鼠李科,枣属,枣,糖类、维生素、矿物质、氨基酸、多酚类物质等
良姜,植物界,被子植物门,百合纲,姜目,姜科,山姜属,良姜,"挥发油,油中主要成分为1,8-桉叶素、桂皮酸甲酯、丁香油酚、蒎烯、荜澄茄烯及辛辣成分高良姜酚等"
蛤蚧,动物界,脊索动物门,爬行纲,蜥蜴目,壁虎科,壁虎属,大壁虎,包括蛋白质、氨基酸、脂肪酸、微量元素、磷脂成分，以及其他一些特定的生物活性物质
玉果,植物界,被子植物门,双子叶植物纲,毛茛目,肉豆蔻科,肉豆蔻属,玉果,肉豆蔻醚、黄樟醚。另含脂肪油、淀粉、没食子油酸等
积壳,植物界,被子植物门,双子叶植物纲,芸香目,芸香科,柑橘属,酸橙,黄酮、生物碱、香豆素及挥发油等
槟榔,植物界,被子植物门,木兰纲,棕榈目,棕榈科,棕榈属,槟榔,生物碱、鞣质、黄酮类、脂肪油、挥发油、糖分等
千年健,植物界,被子植物门,单子叶植物纲,泽泻目,天南星科,千年健属,千年健,挥发油和倍半萜类化合物。
排草,植物界,被子植物门,木兰纲,唇形目,唇形科,鞘蕊花属,排香草,甲基胡椒酚、柠檬烯、α-蒎烯和β-蒎烯、对伞花烃、芳樟醇、Ⅰ-丁香烯等
红豆蔻,植物界,被子植物门,双子叶植物纲,姜目,姜科,山姜属,大高良姜,红豆蔻的化学成分包括挥发油、黄酮、皂甙和脂肪酸等
莲子,植物界,被子植物门,双子叶植物纲,毛茛目,睡莲科,莲属,莲,碳水化合物、蛋白质、脂肪、矿物质和维生素等
益智仁,植物界,被子植物门,单子叶植物纲,芭蕉目,姜科,山姜属,益智,挥发油、倍半萜类、二苯庚烷类、黄酮类、甾醇类、酚酸类、脂肪酸、酚类、甾醇、B族维生素、维生素C以及多种矿物质如钾、钙、镁、磷等
长白山不老草,植物界,被子植物门,木兰纲,兰目,兰科,苁蓉属,长白山不老草,不老草醛、不老草内酯、甘露醇及生物碱等
川木香,植物界,被子植物门,木兰纲,菊目,菊科,川木香属,川木香,挥发油、菊糖、木香碱、黄酮、生物碱、皂苷等
山楂,植物界,维管植物门,木兰纲,蔷薇目,蔷薇科,山楂属,山楂,挥发性成分、氨基酸、黄酮类物质、三萜皂苷类、维生素C、无机盐、红色素等
灵芝,真菌界,担子菌门,担子菌纲,非褶菌目,灵芝科,灵芝属,灵芝,多糖类、三萜类、核苷类、甾酵类、生物碱类、蛋白质、氨基酸类、有机锗、无机盐等
郁李,植物界,被子植物门,双子叶植物纲,蔷薇目,蔷薇科,樱属,郁李,黄酮类、脂肪酸类、氨基酸类、苷类及矿物元素等
木瓜,植物界,维管植物门,木兰纲,蔷薇目,蔷薇科,木瓜属,木瓜,番木瓜碱、木瓜蛋白酶、木瓜凝乳酶、维生素B、C、E、糖分、蛋白质、脂肪、胡萝卜素、隐黄素、蝴蝶梅黄素、隐黄素环氨化物等
天麻,植物界,维管植物门,木兰纲,天门冬目,兰科,天麻属,天麻,酚性化合物及其苷类、有机酸及其酯类、甾体及其苷类、其他类化合物等
玉竹,植物界,维管植物门,木兰纲,天门冬目,天门冬科,黄精属,玉竹,甾体皂苷类、高异黄酮类、挥发油类、多糖类等
沙参,植物界,被子植物门,木兰纲,菊目,桔梗科,沙参属,沙参,沙参皂甙
川椒,植物界,被子植物门,双子叶植物纲,无患子目,芸香科,花椒属,川椒,佛手柑内酯、花椒烯、苯甲酸等
佩兰,植物界,被子植物门,木兰纲,菊目,菊科,泽兰属,佩兰,挥发油、黄酮类、三萜类化合物等
麦冬,植物界,被子植物门,单子叶植物纲,天门冬目,百合科,沿阶草属,麦冬,甾体皂苷、多糖、高异黄酮类化合物、挥发油以及多种微量元素
百足藤,植物界,被子植物门,木兰纲,泽泻目,天南星科,石柑属,百足藤,草酸钙晶体等
大红袍,植物界,被子植物门,双子叶植物纲,报春花目,紫金牛科,铁仔属,铁仔,"挥发油 (为柠檬烯、枯醇、香叶醇等)、淄醇,不饱和有机酸等"
灵香草,植物界,被子植物门,木兰纲,杜鹃花目,报春花科,珍珠菜属,灵香草,挥发油、生物碱、黄酮类、三萜类等
葫芦巴,植物界,被子植物门,双子叶植物纲,蔷薇目,豆科,胡卢巴属,胡芦巴,多种生物碱、皂甙、黄酮类、脂肪酸、类脂等
化橘红,植物界,被子植物门,双子叶植物纲,无患子目,芸香科,柑橘属,橘红,挥发油、黄酮类化合物、碳水化合物、胡萝卜素、维生素B1、B2、C、烟酸、钙、磷等
地黄,植物界,被子植物门,双子叶植物纲,唇形目,玄参科,地黄属,地黄,黄酮类化合物、挥发油、环烯醚萜类化合物、三萜类化合物及皂甙、香豆素类化合物等
辣椒,植物界,维管植物门,木兰纲,茄目,茄科,辣椒属,辣椒,辣椒素、辣椒碱、维生素、辣椒色素、有机酸、蛋白质、糖和矿物质等多种功能性成分
荆芥,植物界,木贼门,木兰纲,唇形目,唇形科,荆芥属,荆芥,挥发油、单萜类成分、黄酮类等
假黄皮,植物界,被子植物门,木兰纲,无患子目,芸香科,黄皮属,假黄皮,香豆素、萜类、生物碱、挥发油等
五加皮,植物界,被子植物门,双子叶植物纲,伞形目,五加科,吊石苣苔属,细柱五加,丁香甙、刺五加甙B1、右旋芝麻素、16α-羟基-(-)-贝壳松-19-酸、β-谷甾醇、β-谷甾醇葡萄糖甙、硬脂酸、棕榈酸、亚麻酸及维生素A、B1等
云木香,植物界,被子植物门,木兰纲,橘目,菊科,云木香属,云木香,云木香的化学成分主要包括挥发油、木香碱、菊糖、木香内酯、二氢木香内酯、α-木香醇、α-木香酸、风毛菊内酯、去氢木香内酯、异去氢木香内酯、异土氢木香内酯、单紫杉烯、α及β-木香烯、α及β-紫罗兰酮、β-芹子烯等
牡丹皮,植物界,被子植物门,双子叶植物纲,毛茛目,毛茛科,芍药属,牡丹,丹皮酚、芍药苷、挥发油等
陈皮,植物界,被子植物门,双子叶植物纲,无患子目,芸香科,柑橘属,橘,挥发油、黄酮类化合物、生物碱、多糖、维生素和矿物质等
甘松,植物界,被子植物门,木兰纲,川续断目,忍冬科,甘松属,甘松,挥发油、倍半萜类成分、三萜成分、环烯醚萜化合物等
细辛,植物界,被子植物门,木兰纲,胡椒目,马兜铃科,细辛属,细辛,挥发油、多种生物活性成分以及微量元素等
补骨脂,植物界,被子植物门,木兰纲,豆目,豆科,补骨脂属,补骨脂,香豆素类、黄酮类、单萜酚类、挥发油类、树脂和豆甾醇等
檀香,植物界,被子植物门,木兰纲,檀香目,檀香科,檀香属,檀香,挥发油、α及β-檀香烯、檀萜、檀萜酮、α-檀萜醇、檀香酮、檀香酸、檀油酸、檀香色素、去氧檀香色素等
知母,植物界,被子植物门,木兰纲,天门冬目,天门冬科,知母属,知母,"甾体皂苷类化合物和黄酮类化合物为主,此外还含有苯丙素类、生物碱类、有机酸类等"
威灵仙,植物界,被子植物门,木兰纲,毛茛目,毛茛科,铁线莲属,威灵仙,原白头翁素、白头翁内酯、甾醇、糖类、皂苷、黄酮、木脂素、酚类、生物碱等
射干,植物界,被子植物门,木兰纲,天门冬目,鸢尾科,射干属,射干,鸢尾黄酮、鸢尾黄酮苷、鸢尾苷、射干酮、紫檀素等
苦参,植物界,被子植物门,木兰纲,豆目,豆科,苦参属,苦参,苦参碱和氧化苦参碱等
川贝母,植物界,被子植物亚门,木兰纲,百合目,百合科,贝母属,川贝母,生物碱、皂苷与黄酮类化合物、挥发油、甾体类生物碱、甾醇类生物以及多种无机元素
淮山,植物界,被子植物门,单子叶植物纲,百合目,薯蓣科,薯蓣属,薯蓣,粉、蛋白质、氨基酸、维生素、矿物质、果胶质、皂苷等
三七,植物界,被子植物门,木兰纲,伞形目,五加科,人参属,三七,皂苷类化合物、挥发油、氨基酸、多糖、无机元素和其他成分
印加萝卜,植物界,维管植物门,木兰纲,十字花目,十字花科,独行菜属,印加萝卜,蛋白质、维生素、矿物质等
覆盆子,植物界,被子植物门,木兰纲,蔷薇目,蔷薇科,悬钩子属,覆盆子,有机酸、糖类、维生素、矿物质、氨基酸、黄酮类化合物、生物碱类化合物、花色素苷等
透骨草,植物界,被子植物门,木兰纲,唇形目,透骨草科,透骨草属,北美透骨草,皂苷类、多糖、生物碱、黄酮类、维生素等
香附子,植物界,被子植物门,木兰纲,禾本目,莎草科,莎草属,香附子,"挥发油、香附烯、香附醇、异香附醇、1,8-桉叶素、对-聚伞花素、α-和β-香附酮、α-和β-莎草醇等"
紫苏,植物界,被子植物门,木兰纲,唇形目,唇形科,紫苏属,紫苏,挥发油、脂肪酸、黄酮、酚酸等类成分，此外还含有无机元素及维生素
莳萝,植物界,被子植物门,木兰纲,伞形目,伞形科,莳萝属,莳萝,挥发油、黄酮、香豆素及葡萄糖苷等
啤酒花,植物界,维管植物门,木兰纲,蔷薇目,大麻科,葎草属,啤酒花,酒花树脂、酒花油和多酚物质等
芥菜,植物界,被子植物门,木兰纲,十字花目,十字花科,芸薹属,芥菜,硫代葡萄糖苷、挥发性成分等
番红花,植物界,被子植物门,木兰纲,天门冬目,鸢尾科,番红花属,番红花,藏红花甙、藏红花酸、藏红花醛、藏红花苦甙、类胡萝卜素、鞣酸、黄酮、维生素B2、挥发油等
迷迭香,植物界,被子植物门,木兰纲,唇形目,唇形科,迷迭香属,迷迭香,木犀草素、葡萄糖甙、香叶木甙、迷迭香酸、唇形草鞣质酸、鼠尾草酸、迷迭香碱及挥发油等
鼠尾草,植物界,被子植物门,木兰纲,唇形目,唇形科,鼠尾草属,鼠尾草,挥发油、酚酸和黄酮类物质等
龙蒿,植物界,被子植物门,木兰纲,菊目,菊科,蒿属,龙蒿,挥发油，醛类物质及少量生物碱等
罗勒,植物界,被子植物门,木兰纲,唇形目,唇形科,罗勒属,罗勒,多酚、酚类、黄酮类和酚酸类物质等
牛至,植物界,被子植物门,木兰纲,唇形目,唇形科,牛至属,牛至,香芹酚、麝香草酚、伞花烃、单萜烯、倍半萜烯等
多香果,植物界,被子植物门,木兰纲,桃金娘目,桃金娘科,多香果属,多香果,"丁子香酚,蛋白质,脂肪,维生素A、C、B1、B2和多种矿物质等"
酸豆,植物界,维管植物门,木兰纲,豆目,豆科,酸豆属,酸豆,糖类、醋酸、酒石酸、蚁酸、柠檬酸、维生素C、维生素B1，以及多种氨基酸等
薰衣草,植物界,被子植物门,木兰纲,唇形目,唇形科,薰衣草属,薰衣草,"芳樟醇、乙酸芳樟酯、1,8-桉树脑、B-罗勒烯、萜品烯-4-醇和樟脑等"
欧芹,植物界,维管植物门,木兰纲,伞形目,伞形科,欧芹属,欧芹,芫荽醚、肉豆蔻油醚、松油萜等
韭菜,植物界,维管植物门,木兰纲,天门冬目,石蒜科,葱属,韭,甲基烯丙基二硫化物、L-酪氨酸、类胡萝卜素、β-胡萝卜素、抗坏血酸、大蒜辣素、蒜氨酸、丙氨酸、谷氨酸、天冬氨酸和缬氨酸等
块茎山萮菜,植物界,被子植物门,木兰纲,十字花目,十字花科,山萮菜属,块茎山萮菜,氨基酸、微量元素、维生素C等
续断,植物界,被子植物门,双子叶植物纲,茜草目,川续断科,川续断属,续断,挥发油类、生物碱类、环烯醚萜类、三萜皂苷类等
天门冬,植物界,被子植物门,单子叶植物纲,百合目,百合科,天门冬属,天门冬,甾体皂甙、寡糖、氨基酸和多糖等
防风,植物界,被子植物门,木兰纲,伞形目,伞形科,防风属,防风,色酮类成分、香豆精类成分、挥发油、聚乙炔类成分、酸性多糖、β-谷甾醇等
远志,植物界,被子植物门,木兰纲,豆目,远志科,远志属,远志,皂苷、口山酮、寡糖酯和生物碱等
鱼腥草,植物界,被子植物门,木兰纲,胡椒目,三白草科,蕺菜属,蕺菜,挥发油、鱼腥草素、甲基正壬基酮、月桂醛、癸醛、癸酸、氯化钾、硫酸钾、蕺菜碱、异槲皮甙、槲皮甙、金丝桃甙、芸香甙等
女贞,植物界,被子植物门,木兰纲,捩花目,木樨科,女贞属,女贞,女贞子甙、洋橄榄苦甙、齐墩果酸、4-羟基-β-苯乙基-β-D-葡萄糖甙、桦木醇等
藿香,植物界,被子植物门,木兰纲,唇形目,唇形科,藿香属,藿香,挥发油、黄酮类化合物、萜类化合物等
延胡索,植物界,被子植物门,木兰纲,毛茛目,罂粟科,紫堇属,延胡索,生物碱以及大量的淀粉、少量黏液质等
玫瑰,植物界,被子植物门,木兰纲,蔷薇目,蔷薇科,蔷薇属,玫瑰,挥发油、黄酮类、有机酸、维生素等
降真香,植物界,被子植物门,木兰纲,豆目,蝶豆花科,降香属,降真香,挥发油、括蓓半萜、黄酮化合物等
合欢,植物界,维管植物门,木兰纲,豆目,豆科,合欢属,合欢,黄酮、挥发油、多糖等
菘蓝,植物界,被子植物门,双子叶植物纲,罂粟目,十字花科,菘蓝属,菘蓝,水杨酸衍生物、木犀草酸衍生物、维生素、以及多种类黄酮等
白扁豆,植物界,被子植物门,双子叶植物纲,豆目,豆科,扁豆属,白扁豆,蛋白质、脂肪、糖类、维生素、微量元素等
丹参,植物界,维管植物门,木兰纲,唇形目,唇形科,鼠尾草属,丹参,丹参酮、丹参醇、丹参酚、丹参新酮、丹参醛、水溶性丹参素等
人参花,植物界,被子植物门,双子叶植物纲,伞形目,五加科,人参属,人参,人参皂苷、挥发油、多糖及黄酮等
苏合香,植物界,木兰植物门,木兰纲,金缕梅目,金缕梅科,枫香树属,苏合香,肉桂酸、挥发油、月桂烯、乙基苯酚等
蜡梅,植物界,被子植物门,木兰纲,樟目,蜡梅科,蜡梅属,蜡梅,挥发油、龙脑、桉油精、芳樟醇、洋蜡梅碱、异洋蜡梅碱、蜡梅甙、a-胡萝卜素、亚油酸、油酸等
酸枣,植物界,被子植物门,木兰纲,蔷薇目,鼠李科,枣属,酸枣,三萜皂苷类、黄酮类、生物碱类、脂肪油、挥发油等
决明子,植物界,被子植物门,双子叶植物纲,蔷薇目,豆科,决明属,决明子,蒽醌类化合物、黄酮类、萜类、多糖类、蛋白质、氨基酸、微量元素等
百部,植物界,被子植物门,木兰纲,露兜树目,百部科,百部属,百部,多种生物碱、糖、脂类、蛋白质、灰分、乙酸、甲酸、苹果酸、琥珀酸、草酸等
党参,植物界,被子植物门,木兰纲,菊目,桔梗,党参属,党参,"党参甭苷、苍术内酯Ⅲ、党参苷Ⅳ、(6R,7R)-反,反十四烷-4,12-二烯-8,10-二炔-1,6,7三醇、丁香苷、香草酸等"
玄参,植物界,被子植物门,双子叶植物纲,管状花目,玄参科,玄参属,玄参,萜类、苯丙素类、有机酸类、挥发油类、甾体类、糖类、黄酮类、生物碱类、酚类等
桂花枝,植物界,被子植物门,双子叶植物纲,捩花目,木犀科,木犀属,木犀,桂皮醛、苯甲酸苄酯、乙酸肉桂酯、β-荜澄茄烯、菖莆烯、香豆精等
牛蒡,植物界,被子植物门,双子叶植物纲,桔梗目,菊科,牛蒡属,牛蒡,挥发油、黄酮类化合物、酚酸类化合物、甾醇类化合物以及脂肪酸等
龙脑香,植物界,被子植物门,双子叶植物纲,侧膜胎座目,龙脑香科,龙脑香属,龙脑香,多种萜类成分、三萜化合物等
泽泻,植物界,被子植物门,木兰纲,泽泻目,泽泻科,泽泻属,泽泻,三萜类、倍半萜类、苯丙素类、二萜类、糖类和挥发油等
苍耳,植物界,被子植物门,木兰纲,菊目,菊科,苍耳属,苍耳,挥发油、脂肪酸、酚酸及其衍生物、木脂素类、倍半萜内酯类、水溶性苷类、其他成分如槲皮素、芦丁、紫云英苷、多种氨基酸、生物碱类化合物等
白芍,植物界,被子植物门,双子叶植物纲,捩花目,萝藦科,鹅绒藤属,青羊参,芍药苷、牡丹酚、苯甲酸、挥发油、脂肪油、树脂、鞣质、糖、淀粉、粘液质、蛋白质、β-谷甾醇和三萜类等
八角,植物界,被子植物门,木兰纲,木兰藤目,五味子科,八角属,八角,挥发油、脂肪油、蛋白质、树脂等
樟树,植物界,被子植物门,木兰纲,樟目,樟科,樟属,樟,粗蛋白、粗脂肪、膳食纤维、糖类、碳水化合物、维生素、矿物质以及植物化学物质等
肉桂,植物界,维管植物门,木兰纲,樟目,樟科,樟属,肉桂,"维生素A、维生素C、维生素E、核黄素、硫胺素以及胡萝卜素等多种营养成分,皮含挥发油,主要成分为桂皮醛,并含少量乙酸桂皮酯、乙酸苯丙酯等"
姜,植物界,被子植物门,木兰纲,姜目,姜科,姜属,姜,"蛋白质、多糖、维生素和多种微量元素,以及姜油酮、姜酚等生理活性物质"
菖蒲,植物界,被子植物门,木兰纲,菖蒲目,天南星科,菖蒲属,菖蒲,α-、β-细辛脑、顺羟基异丁香酚、羟基丁香酚、石菖蒲二醇、石菖蒲螺内酯、石菖蒲酮、石菖蒲螺内酯、石菖蒲酮、石菖蒲酮、石菖蒲酮、石菖蒲酮等
月桂,植物界,被子植物门,木兰纲,樟目,樟科,月桂属,月桂,能量、蛋白质、脂肪、碳水化合物(糖)、钠、维生素、膳食纤维等
木兰,植物界,被子植物门,木兰纲,木兰目,木兰科,木兰属,木兰,挥发油、黄酮类化合物、多糖类、氨基酸等
五味子,植物界,被子植物门,木兰纲,木兰藤目,五味子科,五味子属,,有机酸、维生素、类黄酮、植物固醇及有强效复原作用的木酚素(例如五味子醇甲、五味子乙素或五味子脂素)
菊花,植物界,被子植物门,木兰纲,菊目,菊科,菊属,菊花,挥发油、维生素、微量元素、氨基酸、胆碱等
桂花,植物界,被子植物门,双子叶植物纲,捩花目,木樨科,木樨属,多种,"22种氨基酸与维生素A、维生素B、维生素C、维生素D、维生素E、维生素K等15种维生素,还含有铁元素、花青素、生长素等"
花椒,植物界,被子植物门,木兰纲,无患子目,芸香科,花椒属,,有机酸、维生素C、辣椒素等
柠檬,植物界,被子植物门,木兰纲,芸香目,芸香科,柑橘属,柠檬,维生素C、糖类、钙、磷、铁、维生素B1、维生素B2、烟酸、奎宁酸、柠檬酸、苹果酸、橙皮苷、柚皮苷、香豆精、高量钾元素和低量钠元素等
香橙,植物界,被子植物门,木兰纲,无患子目,芸香科,柑橘属,香橙,维生素C、有机酸、矿物质、膳食纤维等
扁桃,植物界,被子植物门,双子叶植物纲,蔷薇目,蔷薇科,李属,扁桃,脂肪、碳水化合物、纤维素、维生素E、B族维生素、矿物质等
胡椒,植物界,被子植物门,木兰纲,胡椒目,胡椒科,胡椒属,胡椒,胡椒碱、芳香油、粗蛋白、粗脂肪、可溶性氮、淀粉、硫胺素、铜、铁、锌、酮、醇、酶等
茴香,植物界,被子植物门,木兰纲,伞形目,伞形科,茴香属,茴香,茴香油、维生素A、维生素C、胡萝卜素、钙等
松脂,植物界,裸子植物门,松杉纲,松杉目,松科,松属,马尾松、油松或其同属植物,松节油、松香、松脂酸和松香酸等
雪松,植物界,裸子植物门,松纲,松目,松科,雪松属,,树皮溶出物15.5%，其中碳水化物9.8%、木质素47.5%、鞣质2.2%、灰分2.6 %。蜡质中含酸61.9%、蜡25.4%、不皂化物中含高级醇和B一谷甾醇。
柏木,植物界,裸子植物门,松纲,柏目,柏科,柏木属,柏木,挥发油、黄酮类化合物、萜烯类和酚类化合物以及有机酸、多糖、木脂素、无机元素等
欧薄荷,植物界,被子植物门,木兰纲,唇形目,唇形科,薄荷属,欧薄荷,"主要是挥发油,其中主要成分为薄荷醇、薄荷酮及少量樟烯、柠檬烯等。薄荷还含有蛋白质、碳水化合物、膳食纤维、核黄素、维生素E等"
依兰,植物界,被子植物门,木兰纲,木兰目,番荔枝科,依兰属,依兰,"水杨酸苄酯、苯甲酸苄酯、乙酸牻牛儿酯等约19%,大根老鹳草烯、丁香油烃等约20%"
沉香,植物界,被子植物门,双子叶植物纲,锦葵目,瑞香科,沉香属、拟沉香属,30,"含挥发油和树脂等,成分有白木香酸、白木香醛、沉香螺旋醇、白木香醇、苄基丙酮、呋喃白木香醇等,还有酚性成分等"
岩兰草,植物界,被子植物门,木兰纲,禾本目,禾本科,金须茅属,香根草,"多种活性成分,如多糖、黄酮类、生物碱等；多种营养成分,如维生素C、锌、钙等；多种镇静成分,如岩兰草碱、岩兰草苷等"
云杉,植物界,裸子植物门,松纲,松目,松科,云杉属,云杉,挥发油，主要成分有蒎烯、莰烯、柠檬烯、乙酸龙脑酯、龙脑和檀萜烯。非挥发成分主要是木脂素，含量约49%;有酚类成分，如儿茶素、表儿茶精、山 柰酚葡萄糖苷和羟基苯乙酮存在
天然蜂蜡,动物界,节肢动物门,昆虫纲,膜翅目,蜜蜂科,蜜蜂属,蜜蜂种,蛋维生素A、类胡萝卜素等营养物质及柠檬酸、分散脂肪醇、三酰甘油等
黑大黄蜂毒,动物界,节肢动物门,昆虫纲,膜翅目,胡蜂科,黄蜂属,黄蜂种,含多种酶类和毒素，包括磷脂酶、透明质酸酶等，可引发强烈的炎症反应和疼痛，常用于医学毒理学研究。
普通黄蜂毒,动物界,节肢动物门,昆虫纲,膜翅目,胡蜂科,胡蜂属,胡蜂种,富含毒素如磷脂酶、透明质酸酶和多肽，常用于研究过敏反应。
红火蚁毒,动物界,节肢动物门,昆虫纲,膜翅目,蚂蚁科,火蚁属,火蚁种,含多种生物碱，能引发剧烈的疼痛和炎症反应，部分用于疼痛研究。
无刺蜂王浆,动物界,节肢动物门,昆虫纲,膜翅目,蜜蜂科,无刺蜂属,蜜蜂种,富含独特的脂肪酸和酚类化合物，增强精力和精神清晰度，常用于南美。
墨西哥蜂王浆,动物界,节肢动物门,昆虫纲,膜翅目,蜜蜂科,无刺蜂属,墨西哥蜂种,富含脂类、抗氧化剂及微量元素，具免疫增强和抗衰老作用。
大黄蜂王浆,动物界,节肢动物门,昆虫纲,膜翅目,蜜蜂科,大黄蜂属,大黄蜂种,富含碳水化合物和矿物质，具增强精力和缓解压力作用。
巴塔哥尼亚无刺蜂王浆,动物界,节肢动物门,昆虫纲,膜翅目,蜜蜂科,无刺蜂属,巴塔哥尼亚无刺蜂种,富含维生素、矿物质及抗氧化成分，助于抗衰老和改善代谢。30
小无刺蜂王浆,动物界,节肢动物门,昆虫纲,膜翅目,蜜蜂科,小无刺蜂属,蜜蜂种,含抗氧化酶，具延缓衰老作用。
松花粉,植物界,裸子植物门,松柏纲,松目,松科,松属,松种,富含氨基酸、维生素B群、维生素E及微量元素，具有增强免疫力、抗衰老的功效。
枣花粉,植物界,被子植物门,双子叶植物纲,鼠李目,鼠李科,枣属,枣种,富含蛋白质、氨基酸及多种维生素，具有补中益气、润肠通便的作用。40
玉米花粉,植物界,被子植物门,单子叶植物纲,禾本科,禾本科,玉米属,玉米种,含有丰富的蛋白质、脂肪酸和维生素，具有抗氧化和降脂作用。
油菜花粉,植物界,被子植物门,双子叶植物纲,十字花目,十字花科,芸苔属,油菜花种,富含蛋白质、脂肪酸、维生素E和B族维生素，具有调节免疫和抗疲劳的功效。
槐花粉,植物界,被子植物门,双子叶植物纲,豆目,豆科,槐属,刺槐种,富含黄酮类化合物，具有抗炎、抗氧化、改善心血管功能的作用。
枸杞花粉,植物界,被子植物门,双子叶植物纲,茄目,茄科,枸杞属,枸杞种,含有丰富的维生素C、β-胡萝卜素，具有养肝明目、滋阴补肾的功效。
茉莉花粉,植物界,被子植物门,双子叶植物纲,龙胆目,木犀科,茉莉花属,茉莉花种,富含挥发油、维生素C和多种矿物质，具有清热解毒、舒缓情绪的作用。
荞麦花粉,植物界,被子植物门,双子叶植物纲,蓼目,蓼科,荞麦属,荞麦种,含有黄酮类化合物、膳食纤维、维生素E，具有降血糖、降血脂的作用。
柑橘花粉,植物界,被子植物门,双子叶植物纲,无患子目,芸香科,柑橘属,柑橘种,富含维生素C、柑橘多酚，具有抗氧化、增强免疫的功效。
丁香花粉,植物界,被子植物门,双子叶植物纲,桃金娘目,桃金娘科,丁香属,丁香种,含有挥发油、黄酮类化合物，具有抗菌消炎、健胃驱寒的作用。
雪松花粉,植物界,裸子植物门,松柏纲,松目,松科,雪松属,雪松种,含有丰富的黄酮类、蛋白质及氨基酸，具有抗衰老、增强免疫力的作用。
棉花粉,植物界,被子植物门,双子叶植物纲,锦葵目,锦葵科,棉花属,棉花种,含有丰富的维生素E和矿物质，具有抗氧化、调节免疫的作用。50
苹果花粉,植物界,被子植物门,双子叶植物纲,蔷薇目,蔷薇科,苹果属,苹果种,含有多种维生素、氨基酸，具有润肺止咳、抗衰老的作用。
蓝莓花粉,植物界,被子植物门,双子叶植物纲,杜鹃花目,杜鹃花科,越橘属,蓝莓种,富含花青素和多种维生素，具有抗氧化、保护视力的功效。
玫瑰花粉,植物界,被子植物门,双子叶植物纲,蔷薇目,蔷薇科,蔷薇属,玫瑰种,富含黄酮类化合物和挥发油，具有调经止痛、改善皮肤状态的功效。
榛子花粉,植物界,被子植物门,双子叶植物纲,壳斗目,桦木科,榛属,榛种,含有大量的蛋白质、脂肪酸及维生素E，具有养护心血管、增强记忆力的作用。
杜鹃花粉,植物界,被子植物门,双子叶植物纲,杜鹃花目,杜鹃花科,杜鹃属,杜鹃种,含有丰富的黄酮类化合物，具有调节免疫功能、抗氧化的作用。
槟榔花粉,植物界,被子植物门,单子叶植物纲,棕榈目,棕榈科,槟榔属,槟榔种,含有槟榔碱、维生素和蛋白质，具有促进消化、提神醒脑的功效。
菊花粉,植物界,被子植物门,双子叶植物纲,桔梗目,菊科,菊属,菊花种,富含类黄酮、挥发油，具有清热解毒、抗菌消炎的作用。
紫云英花粉,植物界,被子植物门,双子叶植物纲,豆目,豆科,紫云英属,紫云英种,富含蛋白质、氨基酸和黄酮类化合物，具有补气养血、清热解毒的功效。
蒲公英花粉,植物界,被子植物门,双子叶植物纲,桔梗目,菊科,蒲公英属,蒲公英种,富含维生素A、C和矿物质，具有清热解毒、利尿消肿的作用。
百合花粉,植物界,被子植物门,单子叶植物纲,百合目,百合科,百合属,百合种,富含蛋白质和黄酮类化合物，具有清热润肺、宁心安神的作用。60
牛蒡花粉,植物界,被子植物门,双子叶植物纲,桔梗目,菊科,牛蒡属,牛蒡种,含有丰富的膳食纤维和黄酮类化合物，具有抗氧化、降血糖的作用。
葵花花粉,植物界,被子植物门,双子叶植物纲,桔梗目,菊科,向日葵属,向日葵种,富含维生素E、脂肪酸，具有降血脂、增强免疫的功效。
桃花粉,植物界,被子植物门,双子叶植物纲,蔷薇目,蔷薇科,桃属,桃种,富含维生素C、β-胡萝卜素，具有润肤养颜、促进新陈代谢的作用。
柿子花粉,植物界,被子植物门,双子叶植物纲,柿目,柿树科,柿属,柿子种,富含黄酮类、维生素和矿物质，具有润肺生津、止咳化痰的作用。
紫藤花粉,植物界,被子植物门,双子叶植物纲,豆目,豆科,紫藤属,紫藤种,富含多种氨基酸、维生素E，具有美容养颜、调节免疫功能的作用。
桂花粉,植物界,被子植物门,双子叶植物纲,唇形目,木犀科,木犀属,桂花种,富含挥发油和多种黄酮类，具有止咳平喘、改善消化功能的作用。
荔枝花粉,植物界,被子植物门,双子叶植物纲,无患子目,无患子科,荔枝属,荔枝种,富含维生素C、葡萄糖，具有健脾开胃、补气益血的作用。
梨花粉,植物界,被子植物门,双子叶植物纲,蔷薇目,蔷薇科,梨属,梨种,含有多种氨基酸、维生素，具有润肺止咳、清热生津的作用。70
龙眼花粉,植物界,被子植物门,双子叶植物纲,无患子目,无患子科,龙眼属,龙眼种,富含多种维生素和矿物质，具有滋补养血、增强免疫力的作用。
杏花粉,植物界,被子植物门,双子叶植物纲,蔷薇目,蔷薇科,杏属,杏种,富含维生素C、β-胡萝卜素，具有美容养颜、润肠通便的作用。
紫苏花粉,植物界,被子植物门,双子叶植物纲,唇形目,唇形科,紫苏属,紫苏种,富含黄酮类和维生素，具有解表散寒、抗过敏的作用。
薄荷花粉,植物界,被子植物门,双子叶植物纲,唇形目,唇形科,薄荷属,薄荷种,富含黄酮类和挥发油，具有清热解毒、提神醒脑的作用。
苦丁茶花粉,植物界,被子植物门,双子叶植物纲,唇形目,冬青科,苦丁茶属,苦丁茶种,含有丰富的黄酮类化合物，具有降压降脂、清热解毒的功效。
荆条蜜,动物界,节肢动物门,昆虫纲,膜翅目,蜜蜂科,蜜蜂属,Unknown,主要来自荆条花，呈浅黄色，清香，味道较为甘甜。荆条蜜具有补气润肺的作用，适合日常食用。
刺毛越橘,植物界,被子植物门,木兰纲,杜鹃花目,杜鹃花科,越橘属,刺毛越橘,包含维生素C、维生素E、维生素A、维生素B族、蛋白质、氨基酸、果胶、黄酮类化合物、钾、钙、镁、锌、铁、铜、锰、硒、花青素、鞣花酸、槲皮素等。
金豆,植物界,被子植物门,双子叶植物纲,芸香目,芸香科,金橘属,金豆,富含维生素C、抗坏血酸、膳食纤维、天然角质物、蛋白质、赖氨酸、抗氧化剂、黄酮类化合物和纤维素。
木莓,植物界,被子植物门,木兰纲,蔷薇目,蔷薇科,悬钩子属,木莓,富含维生素C、膳食纤维、锰和抗氧化剂，如花青素和鞣花酸。它们还含有少量的维生素K、铁、镁和钾。
台湾林檎,植物界,被子植物门,木兰纲,蔷薇目,蔷薇科,苹果属,台湾林檎,包括黄酮、维生素C和维生素E等。
三叶海棠,植物界,被子植物门,木兰纲,蔷薇目,蔷薇科,苹果属,三叶海棠,包括蛋白质、糖类、钙、磷、铁和维生素C等。
豆梨,植物界,被子植物门,木兰纲,蔷薇目,蔷薇科,梨属,豆梨,包括水分、能量、蛋白质、脂肪、碳水化合物、维生素和矿物质等。
湖北海棠,植物界,被子植物门,木兰纲,蔷薇目,蔷薇科,苹果属,湖北海棠,包括蛋白质、茶多酚、黄酮类物质和多种微量元素等。
野蕉,植物界,被子植物门,木兰纲,姜目,芭蕉科,芭蕉属,野蕉,包括蛋白质、脂肪、碳水化合物、维生素和矿物质等。
火炭母,植物界,被子植物门,木兰纲,石竹目,廖科,廖属,火炭母,包括多糖、蛋白质、氨基酸、维生素和矿物质等。
地棯,植物界,被子植物门,木兰纲,桃金娘目,野牡丹科,野牡丹属,地棯,含有维生素、矿物质和纤维。
绿叶五味子,植物界,被子植物门,双子叶植物纲,木兰目,五味子科,五味子属,绿叶五味子,五味子通常含有五味子素、维生素C、树脂、鞣质等。
金钱豹,植物界,被子植物门,木兰纲,菊目,桔梗科,党参属,金钱豹,包括丰富的维生素C、膳食纤维、天然糖类、抗氧化剂、以及一些矿物质，如钾和钙。
粗梗稠李,植物界,被子植物门,双子叶植物纲,蔷薇目,蔷薇科,稠李属,粗梗稠李,可能含有维生素C、膳食纤维和抗氧化剂。
毛葡萄,植物界,被子植物门,双子叶植物纲,葡萄目,葡萄科,葡萄属,毛葡萄,富含维生素C、钾、抗氧化剂和纤维。
桃金娘,植物界,被子植物门,双子叶植物纲,桃金娘目,桃金娘科,桃金娘属,桃金娘,维生素C、纤维素、矿物质等
黑老虎,植物界,被子植物门,双子叶植物纲,芸香目,芸香科,柑橘属,黑老虎,维生素C、抗氧化剂、膳食纤维等
掌叶覆盆子,植物界,被子植物门,双子叶植物纲,蔷薇目,蔷薇科,悬钩子属,掌叶覆盆子,掌叶覆盆子果实营养丰富，含有多种维生素和矿物质。
红腺悬钩子,植物界,被子植物门,木兰纲,蔷薇目,蔷薇科,悬钩子属,红腺悬钩子,红腺悬钩子果实富含氨基酸、有机酸、糖类、矿质元素和维生素C等成分。
杨梅,植物界,被子植物门,双子叶植物纲,杨梅目,杨梅科,杨梅属,杨梅,杨梅果实富含葡萄糖、果糖、柠檬酸、苹果酸等，含丰富的纤维素、矿质元素、维生素和一定量的蛋白质、脂肪、果胶及8种对人体有益的氨基酸，其果实中钙、磷、铁含量要高出其他水果10多倍。
杨桐,植物界,被子植物门,双子叶植物纲,桃金娘目,桃金娘科,杨桐属,杨桐,维生素C、矿物质等
大萼杨桐,植物界,被子植物门,双子叶植物纲,柿树目,柿树科,柿属,罗浮柿,维生素C、纤维素、矿物质等
粉叶柿,植物界,被子植物门,双子叶植物纲,柿树目,柿树科,柿属,粉叶柿,维生素C、纤维素、矿物质等
毛花猕猴桃,植物界,被子植物门,双子叶植物纲,蔷薇目,猕猴桃科,猕猴桃属,毛花猕猴桃,毛花猕猴桃果实营养极为丰富，维生素的含量很高，比被称为“果中之王”的中华猕猴桃果实所含的维生素c高8-10倍，并含有15种氨基酸，其中6种是人体所必需氨基酸，5种是人体半必需氨基酸，还含钙、镁、铁、锌等多种人体必需的矿物质。
异色猕猴桃,植物界,被子植物门,双子叶植物纲,蔷薇目,蔷薇科,猕猴桃属,异色猕猴桃,维生素C、维生素K、纤维素等
京梨猕猴桃,植物界,被子植物门,双子叶植物纲,蔷薇目,猕猴桃科,猕猴桃属,京梨猕猴桃,京梨猕猴桃果实含有多种维生素、矿物质和氨基酸，具有较高的营养价值。
黄毛猕猴桃,植物界,被子植物门,双子叶植物纲,蔷薇目,蔷薇科,猕猴桃属,黄毛猕猴桃,维生素C、维生素K、纤维素等
阔叶猕猴桃,植物界,被子植物门,双子叶植物纲,蔷薇目,蔷薇科,猕猴桃属,阔叶猕猴桃,维生素C、维生素K、纤维素等
美丽猕猴桃,植物界,被子植物门,双子叶植物纲,蔷薇目,蔷薇科,猕猴桃属,美丽猕猴桃,维生素C、维生素K、纤维素等
南烛,植物界,被子植物门,双子叶植物纲,杜鹃花目,杜鹃花科,乌饭树属,乌饭树,南烛叶含微量元素钡、溴、硼、铁、锰、铅、锡、镓、钛、镍、铋、钼、矾、锆、铜、银、锌、钻、锶，具有药用价值，可补肝肾、强筋骨、固精气、止泻痢等。
豆腐柴,植物界,被子植物门,双子叶植物纲,唇形目,唇形科,豆腐柴属,豆腐柴,豆腐柴叶的营养价值较高，含有粗脂肪、粗纤维、果胶、维生素C、叶绿素以及多种氨基酸，具有药用、食用和经济价值。
南方荚蒾,植物界,被子植物门,双子叶植物纲,川续断目,五福花科,荚蒾属,南方荚蒾,南方荚蒾具有疏风解表，活血散瘀，清热解毒之功效，用于感冒发热、月经不调、风湿病等治疗。
吕宋荚蒾,植物界,被子植物门,双子叶植物纲,川续断目,忍冬科,荚蒾属,吕宋荚蒾,吕宋荚蒾的果实含有丰富的维生素C和矿物质。
宜昌荚蒾,植物界,被子植物门,双子叶植物纲,茜草目,忍冬科,荚蒾属,宜昌荚蒾,含有植物化学物质和微量元素。
毛鳞省藤,植物界,被子植物门,木兰纲,棕榈目,棕榈科,省藤属,毛鳞省藤,毛鳞省藤藤茎质地柔韧，可供编织各种藤器、家具，是手工业的重要原料。
刺葡萄,植物界,被子植物门,双子叶植物纲,葡萄目,葡萄科,葡萄属,刺葡萄,刺葡萄果供生食或酿酒，根可入药，可作耐湿性砧木及育种材料。
多花勾儿茶,植物界,被子植物门,双子叶植物纲,鼠李目,鼠李科,勾儿茶属,多花勾儿茶,暂无具体营养成分信息。
构棘,植物界,被子植物门,双子叶植物纲,蔷薇目,蓼科,构属,构棘,暂无具体营养成分信息。
野柿,植物界,被子植物门,双子叶植物纲,柿目,柿科,柿属,野柿,野柿果可供食用，含有丰富的营养成分，如糖、维生素等。
油柿,植物界,被子植物门,双子叶植物纲,柿目,柿科,柿属,油柿,油柿果可供食用，含有丰富的营养成分，如糖、维生素等。
酸藤子,植物界,被子植物门,双子叶植物纲,芸香目,紫金牛科,酸藤子属,酸藤子,暂无具体营养成分信息。
平叶酸藤子,植物界,被子植物门,双子叶植物纲,芸香目,紫金牛科,酸藤子属,平叶酸藤子,平叶酸藤子的果实含有多种维生素和矿物质。
瓜馥木,植物界,被子植物门,双子叶植物纲,杜鹃花目,番荔枝科,瓜馥木属,瓜馥木,瓜馥木的果实含有多种维生素和矿物质。
尖叶四照花,植物界,被子植物门,双子叶植物纲,山茱萸目,山茱萸科,四照花属,尖叶四照花,尖叶四照花的叶子和果实富含维生素C。
粗叶悬钩子,植物界,被子植物门,双子叶植物纲,蔷薇目,蔷薇科,悬钩子属,粗叶悬钩子,粗叶悬钩子的果实含有丰富的维生素E和膳食纤维。
异叶榕,植物界,被子植物门,双子叶植物纲,荨麻目,桑科,榕属,异叶榕,异叶榕的果实含有多种氨基酸和矿物质。
鸡桑,植物界,被子植物门,双子叶植物纲,荨麻目,桑科,桑属,鸡桑,鸡桑的果实富含蛋白质和维生素C。
空心泡,植物界,被子植物门,双子叶植物纲,蔷薇目,蔷薇科,悬钩子属,空心泡,空心泡的果实含有多种维生素和矿物质。
赤楠,植物界,被子植物门,双子叶植物纲,桃金娘目,桃金娘科,赤楠属,赤楠,赤楠的果实含有多种抗氧化物质。
多花山竹子,植物界,被子植物门,双子叶植物纲,毛茛目,小檗科,山竹子属,多花山竹子,多花山竹子的果实富含膳食纤维和矿物质。
台湾枇杷,植物界,被子植物门,双子叶植物纲,蔷薇目,蔷薇科,枇杷属,台湾枇杷,台湾枇杷的果实含有丰富的维生素C和矿物质。
天仙果,植物界,被子植物门,双子叶植物纲,管状花目,马鞭草科,豆腐柴属,天仙果,天仙果的果实含有多种维生素和矿物质。
褐毛杜英,植物界,被子植物门,双子叶植物纲,杜鹃花目,杜英科,杜英属,褐毛杜英,褐毛杜英的花和叶含有黄酮类化合物、挥发油、氨基酸、糖类和维生素C。
日本五月茶,植物界,被子植物门,双子叶植物纲,蔷薇目,蔷薇科,厚皮香属,日本五月茶,含有咖啡因、茶多酚（如儿茶素）、氨基酸（如茶氨酸）、维生素C、矿物质（如钾、钙）、以及抗氧化剂。
南五味子,植物界,被子植物门,双子叶植物纲,毛茛目,木兰科,南五味子属,南五味子,南五味子果实含有多种维生素、有机酸、糖类、氨基酸和矿物质等营养成分。
尾叶那藤,植物界,被子植物门,双子叶植物纲,龙胆目,夹竹桃科,那藤属,尾叶那藤,含有维生素C、矿物质如钾、钙、镁，植物纤维和抗氧化成分。
牛果藤,植物界,被子植物门,双子叶植物纲,管状花目,马鞭草科,牛果藤属,牛果藤,含有丰富的维生素C、矿物质如钾、铁、钙，植物纤维和氨基酸。
白木通,植物界,被子植物门,双子叶植物纲,毛茛目,木通科,木通属,白木通,白木通含有木通皂苷、生物碱、挥发油、黄酮类等化学成分，具有药用价值。
鹰爪枫,植物界,被子植物门,双子叶植物纲,无患子目,卫矛科,鹰爪枫属,鹰爪枫,富含维生素C、钙、铁、镁及植物纤维。
滇橄榄,植物界,被子植物门,双子叶植物纲,无患子目,楝科,滇橄榄属,滇橄榄,滇橄榄果实含有维生素C、维生素E、蛋白质、膳食纤维、矿物质等营养成分。
梅子,植物界,被子植物门,双子叶植物纲,蔷薇目,蔷薇科,杏属,梅,梅子含有机酸、维生素、矿物质、膳食纤维、黄酮类化合物等营养成分。
多依,植物界,被子植物门,双子叶植物纲,芸香目,芸香科,多依属,多依,富含维生素C、矿物质如钙、铁、镁及植物纤维。
火棘,植物界,被子植物门,双子叶植物纲,蔷薇目,蔷薇科,火棘属,火棘,火棘果实含有多种维生素、矿物质、氨基酸和膳食纤维等营养成分。
救军粮,植物界,被子植物门,双子叶植物纲,蔷薇目,蔷薇科,火棘属,救军粮,救军粮含有多种维生素、矿物质、有机酸和糖类等营养成分。
樱桃,植物界,被子植物门,双子叶植物纲,蔷薇目,蔷薇科,樱属,樱桃,富含维生素C、钾、抗氧化剂和纤维。
橡子,植物界,被子植物门,双子叶植物纲,壳斗目,壳斗科,橡树属,橡树,富含淀粉、蛋白质、脂肪、维生素和矿物质。
野苹果,植物界,被子植物门,双子叶植物纲,蔷薇目,蔷薇科,苹果属,野苹果,富含维生素C、纤维、抗氧化剂和矿物质。
野梨,植物界,被子植物门,双子叶植物纲,蔷薇目,蔷薇科,梨属,野梨,富含维生素C、纤维、抗氧化剂和矿物质。
京梨,植物界,被子植物门,双子叶植物纲,蔷薇目,蔷薇科,梨属,京梨,维生素C、膳食纤维、钾、镁等
树莓,植物界,被子植物门,双子叶植物纲,蔷薇目,蔷薇科,悬钩子属,树莓,树莓含有丰富的维生素C、维生素E、维生素K、维生素B1、维生素B2、矿质元素硒、氨基酸（总量）、γ-氨基丁酸等营养成分 。
黑莓,植物界,被子植物门,双子叶植物纲,蔷薇目,蔷薇科,悬钩子属,黑莓,黑莓含有维生素C、维生素E、维生素K、维生素B1、维生素B2、矿质元素硒、氨基酸（总量）、γ-氨基丁酸等营养成分 。
野樱莓,植物界,被子植物门,双子叶植物纲,杜鹃花目,越橘科,越橘属,野樱莓,野樱莓含有丰富的维生素、蛋白质、碳水化合物、膳食纤维、矿物质等营养成分，有助于补充营养、促进消化、保护视力、辅助改善贫血、保护心脏等 。
夹竹桃莓,植物界,被子植物门,双子叶植物纲,龙胆目,夹竹桃科,白前属,夹竹桃莓,暂无具体营养成分信息。
紅莓,植物界,被子植物门,双子叶植物纲,蔷薇目,蔷薇科,悬钩子属,紅莓,暂无具体营养成分信息。
杜鹃果,植物界,被子植物门,双子叶植物纲,杜鹃花目,杜鹃花科,杜鹃属,杜鹃,暂无具体营养成分信息。
越橘,植物界,被子植物门,双子叶植物纲,杜鹃花目,杜鹃花科,越橘属,越橘,越橘含有维生素C、维生素E、维生素K、维生素B1、维生素B2、矿质元素硒、氨基酸（总量）、γ-氨基丁酸等营养成分 。
红色覆盆子,植物界,被子植物门,双子叶植物纲,蔷薇目,蔷薇科,悬钩子属,红色覆盆子,暂无具体营养成分信息。
荔枝果,植物界,被子植物门,双子叶植物纲,无患子目,无患子科,荔枝属,荔枝,荔枝含有丰富的糖分、维生素C、蛋白质、脂肪、果胶、烟酸、矿物质等营养成分 。
鳄梨果,植物界,被子植物门,双子叶植物纲,樟目,樟科,鳄梨属,鳄梨,鳄梨含有蛋白质、脂肪、碳水化合物、纤维、维生素C、维生素E、维生素K、维生素B6、钾、钙、镁、铁、锌、磷、钠等营养成分 。
葡萄柚,植物界,被子植物门,双子叶植物纲,无患子目,芸香科,柑橘属,葡萄柚,暂无具体营养成分信息。
山莓,植物界,被子植物门,双子叶植物纲,蔷薇目,蔷薇科,悬钩子属,山莓,山莓含有丰富的维生素C、维生素E、维生素K、维生素B1、维生素B2、矿质元素硒、氨基酸（总量）、γ-氨基丁酸等营养成分 。
野樱桃,植物界,被子植物门,双子叶植物纲,蔷薇目,蔷薇科,樱桃属,野樱桃,暂无具体营养成分信息。
冬青果,植物界,被子植物门,双子叶植物纲,冬青目,冬青科,冬青属,冬青,暂无具体营养成分信息。
柿子,植物界,被子植物门,双子叶植物纲,柿目,柿科,柿属,柿子,柿子含有丰富的糖分、维生素C、胡萝卜素、钙、磷、铁等矿物质。
酸果蔓,植物界,被子植物门,双子叶植物纲,蔷薇目,蔷薇科,悬钩子属,酸果蔓,暂无具体营养成分信息。
海棠果,植物界,被子植物门,双子叶植物纲,蔷薇目,蔷薇科,海棠属,海棠,海棠果含有丰富的维生素C、有机酸、糖类、氨基酸等。
野生梨,植物界,被子植物门,双子叶植物纲,蔷薇目,蔷薇科,梨属,野生梨,野生梨含有丰富的维生素C、果胶、糖类、矿物质等。
紫莓,植物界,被子植物门,双子叶植物纲,蔷薇目,蔷薇科,悬钩子属,暂无具体信息,紫莓含有丰富的维生素C、维生素K、维生素E、抗氧化物质等。
狗牙果,植物界,被子植物门,双子叶植物纲,龙胆目,茜草科,狗牙果属,狗牙果,狗牙果含有多种维生素、矿物质和抗氧化物质。
铁线莲果,植物界,被子植物门,双子叶植物纲,毛茛目,毛茛科,铁线莲属,铁线莲,铁线莲含有铁、矿物质、维生素C、膳食纤维等。
柚子,植物界,被子植物门,双子叶植物纲,芸香目,芸香科,柑橘属,柚子,柚子含有维生素C、膳食纤维、矿物质、抗氧化物质等。
野生核桃,植物界,被子植物门,双子叶植物纲,胡桃目,胡桃科,胡桃属,核桃,野生核桃含有丰富的不饱和脂肪酸、蛋白质、维生素E、矿物质等。
海棠莓,植物界,被子植物门,双子叶植物纲,蔷薇目,蔷薇科,海棠属,海棠莓,海棠莓含有丰富的维生素C、苹果酸、果胶、抗氧化物质等。
茶树莓,植物界,被子植物门,双子叶植物纲,蔷薇目,蔷薇科,悬钩子属,茶树莓,茶树莓含有丰富的维生素C、抗氧化物质、膳食纤维等。
高山莓,植物界,被子植物门,双子叶植物纲,蔷薇目,蔷薇科,悬钩子属,高山莓,高山莓含有丰富的维生素C、抗氧化物质、膳食纤维等。
紫葡萄,植物界,被子植物门,双子叶植物纲,葡萄目,葡萄科,葡萄属,葡萄,紫葡萄含有丰富的维生素C、维生素K、抗氧化物质、白藜芦醇等。
藤莓,植物界,被子植物门,双子叶植物纲,蔷薇目,蔷薇科,悬钩子属,藤莓,藤莓含有丰富的维生素C、抗氧化物质、膳食纤维等。
野黑莓,植物界,被子植物门,双子叶植物纲,蔷薇目,蔷薇科,悬钩子属,野黑莓,野黑莓含有丰富的维生素C、维生素E、维生素K、抗氧化物质等。
山梨,植物界,被子植物门,双子叶植物纲,蔷薇目,蔷薇科,梨属,山梨,山梨含有丰富的维生素C、膳食纤维、果胶、抗氧化物质等。
油桃,植物界,被子植物门,双子叶植物纲,蔷薇目,蔷薇科,桃属,油桃,油桃含有丰富的维生素A、维生素C、钾、铁、膳食纤维等。
黑果枸杞,植物界,被子植物门,双子叶植物纲,管状花目,茄科,枸杞属,黑果枸杞,黑果枸杞含有丰富的蛋白质、维生素、矿物质、微量元素等多种营养成分，尤其是花青素含量较高。
野杏,植物界,被子植物门,双子叶植物纲,蔷薇目,蔷薇科,杏属,杏,野杏含有丰富的维生素C、维生素A、钾、铁、膳食纤维等。
莲果,植物界,被子植物门,双子叶植物纲,睡莲目,莲科,莲属,莲,莲果（莲子）富含淀粉、蛋白质、多种维生素、磷脂生物碱、类黄酮等。
红桑果,植物界,被子植物门,双子叶植物纲,蔷薇目,桑科,桑属,桑,红桑果含有丰富的维生素C、维生素A、钾、铁、膳食纤维等。
紫杏,植物界,被子植物门,双子叶植物纲,蔷薇目,蔷薇科,李属,紫杏,紫杏含有丰富的维生素C、维生素A、钾、铁、膳食纤维等。
青枣,植物界,被子植物门,双子叶植物纲,无患子目,鼠李科,枣属,青枣,青枣含有丰富的维生素C、维生素A、钾、铁、膳食纤维等。
甜橙,植物界,被子植物门,双子叶植物纲,蔷薇目,芸香科,柑橘属,甜橙,甜橙含有丰富的维生素C、维生素A、钾、铁、膳食纤维等。
野橄榄,植物界,被子植物门,双子叶植物纲,无患子目,橄榄科,橄榄属,橄榄,野橄榄含有丰富的维生素E、抗氧化物质、单不饱和脂肪酸等。
金铃子,植物界,被子植物门,双子叶植物纲,无患子目,无患子科,无患子属,金铃子,含有蛋白质、小分子多肽、小分子多糖、皂甙、脂肪、粗纤维、维生素C和维生素A、钙、磷、铁等多种矿物质、多种果糖和有机酸。
莲雾,植物界,被子植物门,双子叶植物纲,桃金娘目,桃金娘科,蒲桃属,莲雾,莲雾果实中糖类、维生素、微量元素等的含量较为丰富，为人体提供了重要的营养成分来源 。
金星果,植物界,被子植物门,双子叶植物纲,无患子目,无患子科,金星果属,金星果,含有大量的糖分和碳水化合物，以及多种维生素和氨基酸。
灯笼果,植物界,被子植物门,双子叶植物纲,茄目,茄科,酸浆属,灯笼果,灯笼果可补充营养、止咳化痰、清热消暑等 。
佛手柑,植物界,被子植物门,双子叶植物纲,芸香目,芸香科,柑橘属,佛手,佛手柑含有丰富的维生素C、维生素A、维生素B族（尤其是维生素B1和维生素B2）、膳食纤维、钾、钙、镁等矿物质，以及多种抗氧化化合物和挥发性精油。
嘉宝果,植物界,被子植物门,双子叶植物纲,无患子目,桃金娘科,嘉宝果属,嘉宝果,嘉宝果含有丰富的营养成分，包括蛋白质、糖以及纤维，VB和锌元素的含量十分丰富 。
洛神果,植物界,被子植物门,双子叶植物纲,桃金娘目,千屈菜科,洛神葵属,洛神葵,洛神果含有丰富的蛋白质、矿质元素、维生素和氨基酸 。
杈杷果,植物界,被子植物门,双子叶植物纲,蔷薇目,蔷薇科,杈杷果属,杈杷果,杈杷果果实肉质细嫩、清香甘甜，含有丰富的蛋白质、矿质元素、维生素和氨基酸，其中钙的总含量比苹果高出24倍，铁的含量比水果中含铁较高的桃果高出5倍，磷的含量为报道过的所有果树之最 。
树番茄,植物界,被子植物门,双子叶植物纲,茄目,茄科,树番茄属,树番茄,树番茄含有丰富的果胶质，是制罐头、果酱、果胶的优良材料。可作水果鲜食，富含矿物质及维生素C等多种对人体有益的微量元素，有健脾益胃作用；熟食酸甜可口，清香味美，营养丰富 。
山竹子,植物界,被子植物门,双子叶植物纲,无患子目,藤黄科,山竹子属,山竹子,山竹子含有维生素C、维生素B群、膳食纤维、矿物质（如钾、钙、镁）和抗氧化物质。
鸡蛋果,植物界,被子植物门,双子叶植物纲,侧膜胎座目,西番莲科,西番莲属,鸡蛋果,鸡蛋果含有丰富的磷、铁、钙、维生素C、类胡萝卜素等营养物质及人体必须的十七种氨基酸，具有帮助消化、化痰、补肾、提神醒脑、活血强身、镇静止痛、减压降脂等功效 。
海巴戟,植物界,被子植物门,双子叶植物纲,茜草目,茜草科,巴戟天属,海滨木巴戟,包括14种维生素、16种矿物质、20种必需氨基酸和多种生物活性成分。
泡泡果,植物界,被子植物门,双子叶植物纲,蔷薇目,蔷薇科,泡泡果属,泡泡果,含维生素C、天然糖分、矿物质、氨基酸、有机酸及多种保健成分。
红毛丹,植物界,被子植物门,双子叶植物纲,无患子目,无患子科,韶子属,红毛丹,红毛丹的果肉含葡萄糖、蔗糖，含丰富的维生素、氨基酸、碳水化合物和多种矿物质。其性味甘温，果肉香甜美厚而多汁，还有人称它为中国岭南的荔枝，更有毛荔枝的别名 。
三尖杉,植物界,裸子植物门,松纲,柏目,红豆尖杉科,三尖杉属,三尖杉,包括生物碱类、黄酮类、木脂素类和萜类，其中生物碱类成分主要有三尖杉碱类和高刺酮类
银杏,植物界,裸子植物门,松纲,银杏目,银杏科,银杏属,银杏,蛋白质13.2g， 碳水化合物 72.6g，脂肪1.3g，且含有 维生素C 、核黄素、 胡萝卜素 、及钙、磷、铁、硒、钾、镁等多中微量元素，8种氨基酸
重楼,植物界,被子植物门,木兰纲,百合目,延龄草科,重楼属,重楼,主要化学成分为甾体皂苷，并含有 β-蜕皮激素、多糖、黄酮苷及氨基酸
灯台树,植物界,被子植物门,木兰纲,山茱萸目,山茱萸科,山茱萸属,灯台树,含有吲哚类生物碱，有毒，入药具有镇静、消炎止痛、化痰等功效
灯盏花,植物界,被子植物门,双子叶植物纲,菊目,菊科,,短葶飞蓬,植物含植物甾醇、树胶（含半乳糖）、糖甙型树脂、糖甙型鞣质、挥发油（为柠檬烯等）、焦性儿茶酚、氨基酸、糖等
大黄藤,植物界,被子植物门,木兰纲,毛茛目,防己科,天仙藤属,大黄藤,含掌叶防己碱（巴马亭palmatine）达3%，尚含药根碱 （jatrorrhizine）、小檗碱 （berberine）、黄藤素甲（fibranine）、黄藤素乙（fibraminine）、黄藤内酯（fibralactone）、甾醇（sterol）等
茯苓,真菌界,担子菌门,伞菌纲,多孔菌目,多孔菌科,茯苓属,茯苓,茯苓聚糖、茯苓酸、脂肪酸、卵磷脂、腺嘌呤、蛋白酶和三萜类等物质，还含有钾、钙、镁、磷、铁、硫及二氧化硅等矿物质
半夏,植物界,被子植物门,木兰纲,泽泻目,天南星科,半夏属,半夏,块茎含挥发油、少量脂肪 (其脂肪酸约34%为固体酸、66%为液体酸)、 淀粉 、烟碱、粘液质、天门冬氨酸、谷氨酸、精氨酸、β-氨基丁酸等氨基酸等。
鬼臼,植物界,被子植物门,木兰纲,毛茛目,小檗科,桃儿七属,鬼臼,含有大量的营养元素，如黄芪甙、金丝桃甙，还含有槲皮素、山柰酚和谷甾醇等。
诃子,植物界,被子植物门,木兰纲,桃金娘目,使君子科,榄仁属,诃子,含三萜酸类成分，如2α-羟基马可莫酸、马斯里酸、2α-羟基乌苏酸、粉蕊黄杨醇酸、阿江榄仁素、阿江榄仁酸、诃子醇、arjunglu-coside，chebuloside Ⅰ和Ⅱ、没食子酰葡萄糖类、没食子酰的简单酯类化合物等 [2~9] 和氨基酸 、酚酸类 [11~13] 及番泻甙A、鞣酸酶、多酚氧化酶、过氧化物酶、抗坏血酸氧化酶、阿拉伯糖、果糖、葡萄糖、蔗糖、鼠李糖 (rhamnose)等碳水化合物
血竭,植物界,,,,棕榈科,黄藤属,血竭,主要包括 黄酮类、二萜酸等
杜仲,植物界,被子植物门,木兰纲,丝缨花目,杜仲科,杜仲属,杜仲,含有丰富的营养物质，包括 VB 1、 VE 、β- 胡萝卜素 ，17种 游离氨基酸 ， 锗 、 硒 等15种微量元素
黄柏,植物界,裸子植物门,松纲,柏目,柏科,侧柏属,黄柏,的主要化学成分为黄酮类和生物碱类 ，其中生物碱是黄柏的主要有效成分 ，且含量最高 。 此外 ，生物碱类含有小檗碱 、药根碱 、木兰花碱 、黄柏碱 、掌叶防己碱及内酯 、甾醇 、黏液质等 。 黄柏中除生物碱和黄酮类外 ，还含有黄柏酮 、黄柏内酯 、白鲜交酯 、黄柏酮酸 、青荧光酸 、７唱脱氢豆甾醇 、p唱谷甾醇 、菜油甾醇等成分
狗脊,植物界,蕨类植物门,木贼纲,水龙骨目,乌毛蕨科,狗脊科,狗脊,挥发油类；蕨素类；芳香族类；酚酸类；黄酮类；皂苷类；糖苷类；氨基酸类
厚朴,植物界,被子植物门,木兰纲,木兰目,木兰科,厚朴属,厚朴,厚朴酚、厚朴酚、木兰箭毒碱、厚朴碱以及矿质元素、蛋白质、维生素等多种营养成分
肉豆蔻,植物界,被子植物门,木兰纲,木兰目,肉豆蔻科,肉豆蔻属,肉豆蔻,脂肪油25%-46%，挥发油8%-15%
松针,植物界,裸子植物门,银杏纲,银杏目,银杏科,银杏属,松针,黄酮类、挥发油、莽草酸、脂肪酸及磷、钙、铁、硒
大黄,植物界,被子植物门,木兰纲,石竹目,蓼科,大黄属,大黄,蒽衍生物类、有机酸类、挥发油类、苷类化合物和鞣质类
枸骨,植物界,被子植物门,木兰纲,冬青目,冬青科,冬青属,冬青种,三萜皂苷及其苷元，黄酮及其苷类，多酚类及衍生物，脂肪酸类
侧柏叶,植物界,祼子植物门,松柏纲,松柏目,柏科,侧柏属,侧柏叶,挥发油、黄酮类化合物，鞣质
四季青,植物界,被子植物门,双子叶植物纲,无患子目,冬青科,冬青属,冬青,原儿茶酸、原儿茶醛、熊果酸、黄酮甙、三萜类、糖类
木防己,植物界,被子植物门,木兰纲,毛茛目,防己科,木防己属,木防己,
八角莲,植物界,被子植物门,木兰纲,毛茛目,小檗科,鬼臼属,八角莲,鬼臼毒素，黄酮化合物
白术,植物界,被子植物门,木兰纲,菊目,菊科,苍木属,白术,挥发油、多糖、黄酮类、皂苷类、氨基酸、维生素、微量元素
穿山龙,植物界,被子植物门,纲单子叶植物纲,葫芦目,薯蓣科,薯蓣属,穿龙薯蓣,薯蓣皂苷
防己,植物界,被子植物门,双子叶植物纲,毛茛目,防己科,千金藤属,防己,双苄基异喹啉类生物碱
升麻,植物界,被子植物门,木兰纲,毛茛目,毛茛科,类叶升麻属,升麻,酚酸类、色酮类及木脂素、吲哚酮、生物碱、酰胺、甾醇、糖、挥发油
薤白,植物界,被子植物门,木兰纲,天门冬目,石蒜科,葱属,薤白,蛋白质、脂肪、碳水化合物、膳食纤维、钙、磷、铁
炙甘草,植物界,被子植物门,双子叶植物纲,蔷薇目,豆科,甘草属,炙甘草,"三萜皂苷类,黄酮类、多糖类"
甘遂,植物界,被子植物门,木兰纲,金虎尾目,大戟科,大戟属,甘遂,假白榄烷型二萜、巨大戟烷型二萜、大戟烷型、甘遂烷型三萜
金荞麦,植物界,被子植物门,木兰纲,石竹目,蓼科,荞麦属,金荞麦,黄酮类化合物、脂肪、蛋白质、维生素
三叶青,植物界,被子植物门,双子叶植物纲,鼠李目,葡萄科,崖爬藤属,三叶青,原花青素B1和B2、儿茶素、芦丁、槲皮素、异槲皮苷、紫云英苷、山奈酚
天南星,植物界,门维管植物门,木兰纲,泽泻目,天南星科,天南星属,天南星,生物碱类、黄酮类、甾醇类、脂肪酸类、酚类、木脂素类
鲜地黄,植物界,门被子植物门,双子叶植物纲,管状花目,玄参科,地黄属,地黄,梓醇、麦角甾苷
明党参,植物界,门被子植物门,双子叶植物纲,伞形目,伞形科,明党参属,明党参,葡萄糖、菊糖、果糖、氨基酸
鸡血藤,植物界,被子植物门,双子叶植物纲,豆目,豆科,密花豆属,密花豆,黄酮类、酚酸类、苯丙素类、蒽醌类、萜类、甾醇类
丁公藤,植物界,被子植物门,双子叶植物纲,茄目,旋花科,丁公藤属,丁公藤,东莨菪内酯、东莨菪苷、丁公藤甲、丙素
首乌藤,植物界,门被子植物门,木兰纲,蓼目,蓼科,何首乌属,何首乌,大黄素、大黄酚、大黄素甲醚
忍冬藤,植物界,被子植物门,双子叶植物纲,茜草目,忍冬科,忍冬属,忍冬藤,有机酸、挥发油、黄酮类、三萜皂苷、忍冬甙、木犀草素、鞣质、生物碱
雷公藤,植物界,被子植物门,木兰纲,卫矛目,卫矛科,雷公藤属,雷公藤,萜类、生物碱类、黄酮类、木脂素类
海风藤,植物界,被子植物门,双子叶植物纲,胡椒目,胡椒科,藤属,风藤,Α-及β-蒎烯（pinene）、莰烯、苎烯、香松烯及异细辛醚（isoasarone）
石南藤,植物界,被子植物门,木兰纲,胡椒目,胡椒科,胡椒属,胡椒属,木脂素、生物碱、皂苷和三萜
关木通,植物界,被子植物门,双子叶植物纲,马兜铃目,马兜铃科,马兜铃属,关木通,白桦脂醇（betulin），齐墩果酸（oleanolicacid），常春藤皂甙元（hederagein），木通皂甙 (akeboside)Sta、Stb、Stc、Std、Stg1、Stg2、Sth、Stj、Stk、。 此外，尚含豆甾醇 (stigmasterol)，β-谷甾醇（β-sitosterol），胡萝卜甙（daucosterol），肌醇（inositol），蔗糖及钾盐。
大血藤,植物界,被子植物门,木兰纲,毛茛目,木通科,大血藤属,大血藤,"酚酸,木脂素,三萜,挥发油等化合物"
灯心草,植物界,被子植物门,木兰纲,禾本目,灯芯草科,灯芯草属,灯芯草,"9,10-二氢菲类、菲类、菲类二聚体类、芘类、甘油酯类、黄酮类、三萜类及甾体类"
苦木,植物界,被子植物门,木兰纲,无患子目,苦木科,苦木属,苦木,
通草,植物界,被子植物门,双子叶植物纲,五加科,五加科,通脱木属,通草,含灰分、脂肪、蛋白质、粗纤维4、戊聚糖
地枫皮,植物界,被子植物门,双子叶植物纲,八角茴香目,木兰科,八角属,地枫皮,木脂素类、苯丙素类、萜类、黄酮类、酚类及挥发油
桑寄生,植物界,被子植物门,双子叶植物纲,檀香目,桑寄生科,钝果寄生属,川桑寄生,广寄生苷、槲皮素、槲皮苷及少量的右旋儿茶酚、萹蓄苷
黄藤,植物界,被子植物门,木兰纲,棕榈目,棕榈科,黄藤属,黄藤,生物碱、内酯
桑枝,植物界,种子植物门,双子叶植物纲,蔷薇目,桑科,桑属,桑,鞣质，游离的蔗糖、果糖、水苏糖、葡萄糖、麦芽糖、棉子糖、阿拉伯糖、木糖
鬼箭羽,植物界,被子植物门,双子叶植物纲,无患子目,卫矛科,卫矛属,卫矛,倍半萜类、黄酮类、三萜类、甾体和强心苷类化合物
接骨木,植物界,维管植物门,木兰纲,川续断目,荚蒾科,接骨木属,接骨木,糖及糖苷类、黄酮类、萜类、酚类
络石藤,植物界,维管植物门属什么纲：木兰纲,Unknown,龙胆目,夹竹桃科,络石属,络石,茎含牛蒡甙、络石糖甙、罗汉松树脂酚甙、降络石糖甙、橡胶肌醇、β-谷甾醇葡萄糖甙、加拿大麻糖等。
钩藤,植物界,被子植物门,木兰纲,龙胆目,茜草科,钩藤属,钩藤,"生物碱类,三萜类,酚类,甾醇类,黄酮类,醌类,香豆素类和木脂素类"
天仙藤,植物界,被子植物门,木兰纲,毛茛目,防己科,天仙藤属,天仙藤,马兜铃酸、木兰花碱和β-谷甾醇
皂角刺,植物界,被子植物门,双子叶植物纲,蔷薇目,豆科,皂荚属,皂荚,黄酮甙、酚类，氨基酸
降香,植物界,维管植物门,木兰纲,豆目,豆科,黄檀属,降香,挥发油及黄酮类化合物
桂枝,植物界,被子植物门,双子叶植物纲,樟目,樟科,樟属,桂枝,桂皮醛、有机酸类
山黄皮,植物界,维管植物门,木兰纲,无患子目,芸香科,黄皮属,黄皮,新肉桂酚胺A，黄皮新桂酚胺B、黄皮新桂酚胺C、黄皮新桂酚胺D以及酚类，多种氨基酸，黄酮甙
薄荷,植物界,维管植物门,木兰纲,唇形目,唇形科,薄荷属,薄荷,蛋白质、不溶性膳食纤维、维生素
椿皮,植物界,被子植物门,双子叶植物纲,芸香目,苦木科,臭椿属,臭椿,苦楝素、脂肪油及鞣质
山香圆,植物界,被子植物门,木兰纲,缨子木目,省沽油科,山香圆属,山香圆,"黄酮类,三萜类,大柱烷类和酚酸类"
淫羊藿,植物界,维管植物门种淫羊藿,木兰纲,毛茛目,小檗科,淫羊藿属,淫羊藿,
三丫苦叶,植物界,被子植物门,木兰纲,无患子目,芸香科,蜜茱萸属,三桠苦,左旋加锡弥罗果碱 (edulinine)、左旋7-去羟基日巴里尼定（ribalinine）、右旋异普拉得斯碱 (isoplatydesmine)
苦楝皮,植物界,被子植物门,双子叶植物纲,芸香目,楝科,楝属,川楝,三萜类、挥发油类、甾体类、有机酸类及黄酮类
木槿皮,植物界,被子植物门,双子叶植物纲,锦葵目,锦葵科,木槿属,木槿,辛二酸、1-二十八醇、β-谷固醇、1，22-二十二碳二醇、白桦脂醇、古柯三醇、肉豆蔻酸
白鲜皮,植物界,被子植物门,双子叶植物纲,芸香目,芸香科,白鲜属,白鲜皮,生物碱类、柠檬苦素类、黄酮类
白首乌,植物界,被子植物门,木兰纲,龙胆目,夹竹桃科,鹅绒藤属,白首乌,多羟基孕甾烷酯苷，粗蛋白、粗脂肪、多种维生素、氨基酸、锌、镁、钙、铁
罗布麻,植物界,被子植物门,木兰纲,龙胆目,夹竹桃科,罗布麻属,罗布麻,大麻甙、毒毛旋花子甙元及K-毒毛旋花子次甙-β、芸香甙、儿茶素、蒽醌、谷氨酸、丙氨酸、缬氨酸，氮化钾等，槲皮素、异槲皮甙
布渣叶,植物界,被子植物门,双子叶植物纲,卫矛目,椴树科,破布叶属,破布树,黄酮类化合物
破布叶,植物界,被子植物门,木兰纲,锦葵目,锦葵科,破布叶属,破布叶,黄酮类、生物碱类、有机酸、挥发油等
艾纳香,植物界,被子植物门,双子叶植物纲,菊目,菊科,艾纳香属,艾纳香,左旋龙脑
芫荽,植物界,被子植物门,木兰纲,伞形目,伞形科,芫荽属,芫荽,蛋白质、纤维素、碳水化合物
白英,植物界,被子植物门,木兰纲,茄目,茄科,茄属,白英,甾体类、黄酮类、萜类、有机酸类、香豆素
龙葵,植物界,被子植物门,木兰纲,茄目,茄科,茄属,龙葵,澳洲茄碱、澳洲茄边碱、β-澳洲茄边碱
半枝莲,植物界,被子植物门,木兰纲,唇形目,唇形科,黄芩属,半枝莲,"黄酮类,二萜类,挥发油类、多糖"
紫花地丁,植物界,种子植物门,木兰纲,金虎尾目,堇菜科,堇菜属,紫花地丁,香豆素类、黄酮类化合物
瞿麦,植物界,被子植物门,木兰纲,石竹目,石竹科,石竹属,瞿麦,水分，粗蛋白质，无氮浸出物，粗纤维，粗灰分，磷酸
茵陈,植物界,被子植物门,双子叶植物纲,菊目,菊科,蒿属,茵陈,Β-蒎烯，茵陈炔酮，茵陈烯酮，茵陈炔，茵陈素
肿节风,植物界,被子植物门,双子叶植物纲,金粟兰目,金粟兰科,草珊瑚属,草珊瑚,倍半萜类、黄酮类、香豆素类、有机酸类化合物
卷柏,植物界,石松门_[6],石松纲,卷柏目,卷柏科,卷柏属,卷柏,黄酮、酚性成分、氨基酸、海藻糖等多糖类、少量鞣质
青蒿,植物界,被子植物门,木兰纲,菊目,菊科,蒿属,青蒿,倍半萜、二萜、黄酮、苯丙酸、香豆素、挥发油
牡蒿,植物界,被子植物门,双子叶植物纲,桔梗目,菊科,蒿属,牡蒿,"胡椒蔫、毕澄茄烯、α-侧柏酮、1,8-按叶油素、青蒿酮"
积雪草,植物界,维管植物门属什么纲：木兰纲,Unknown,伞形目,伞形科,积雪草属,积雪草,积雪草苷、羟基积雪草苷、积雪草酸和羟基积雪草酸
大丁草,植物界,被子植物门,木兰纲,菊目,菊科,大丁草属,大丁草,香豆素类、萜类、黄酮类、糖苷类、苯乙酮类、甾醇类
水芹,植物界,维管植物门,木兰纲,伞形目,伞形科,䳭属,水芹,蛋白质、维生素、矿物质、黄酮、酚酸、挥发油
木贼,植物界,蕨类植物门,木贼纲,木贼目,木贼科,木贼属,木贼,黄酮类、生物碱类、酚酸类、挥发油类和酯类
天香炉,植物界,被子植物门,双子叶植物纲,桃金娘目,野牡丹科,金锦香属,金锦香,黄酮甙、酚类、氨基酸。 本品含金锦香酸（osbeckic acid) ，2-呋喃甲酸（2-furoic acid)，熊果酸（ursolic acid)，琥珀酸（succinic acid)，胡萝卜甙（daucosterol)，槲皮素（quercetin)，山柰酚（kaempfe-rol)
鹿茸草,植物界,被子植物门,木兰纲,唇形目,列当科,鹿茸草属,鹿茸草,氨基酸、蛋白质、磷脂、激素、脂肪酸、氨基酸、多种微量元素
香薷,植物界,被子植物门,木兰纲,唇形目,唇形科,香薷属,香薷,黄酮类和香豆素类化合物
龙舌草,植物界,被子植物门,木兰纲,泽泻目,水鳖科,水车前属,龙舌草,挥发性油、环己烯酮类
淡竹叶,植物界,被子植物门,木兰纲,禾本目,禾本科,淡竹叶属,淡竹叶,黄酮类、酚酸类、活性多糖、维生素、硒、锗、碘、铁、钙、锌、氨基酸
海金沙草,植物界,蕨类植物门,蕨纲,水龙骨目,海金沙科,海金沙属,海金沙草,藤含氨基酸、糖类、黄酮甙和酚类
徐长卿,植物界,被子植物门,木兰纲,龙胆目,夹竹桃科,白前属,徐长卿,挥发油类、 C 21 甾体类成分和多糖
伸筋草,植物界,石松门,石松纲,石松目,石松科,石松属,石松,生物碱，三萜类、挥发油
水飞蓟,植物界,维管植物门,木兰纲,菊目,菊科,水飞蓟属,水飞蓟,蛋白质、脂肪、纤维、维生素E、叶酸、烟酸、矿物质
泽兰,植物界,被子植物门,双子叶植物纲,菊目,唇形科,地笋属,毛叶地瓜儿苗,酚酸类、黄酮类、萜类
老君须,植物界,被子植物门,双子叶植物纲,捩花目,萝藦科,鹅绒藤属,竹灵消,全草含牡丹酚，肉珊瑚甙元，去酰牛皮稍甙元
广藿香,植物界,被子植物门,木兰纲,唇形目,唇形科,刺蕊草属,广藿香,黄酮类、苯丙素类、萜类 (单萜、倍半萜、二萜等)、甾体类、生物碱类以及脂肪酸类
菥蓂,植物界,被子植物门,木兰纲,十字花目,十字花科,菥属,菥蓂,淀粉、矿物质、氨基酸、膳食纤维、多酚类
委陵菜,植物界,被子植物门,木兰纲,蔷薇目,蔷薇科,委陵菜属,委陵菜,萜类、黄酮类、酚酸类、鞣质类、苯丙素类
地羊鹊,植物界,被子植物门,双子叶植物纲,蔷薇目,豆科,百脉根属,百脉根,半乳糖 甙、 刀豆 酸、 齐墩果酸 、皂甙、半乳糖、甘露聚糖 、 硫胺素 、 核黄素
凉粉草,植物界,被子植物门,木兰纲,唇形目,唇形科,逐风草属,凉粉草,多糖、黄酮、萜类和酚类
天泡子,植物界,被子植物门,双子叶植物纲,茄目,茄科,酸浆属,天泡子,维生素、β胡萝卜素、钙、镁、硼、锌、硒、锗
问荆,植物界,蕨类植物门,木贼纲,木贼目,木贼科,木贼属,问荆,问荆皂甙、木贼甙、异槲皮甙、木犀草甙、硅酸（含量达干生药的5.19～7.77％）、有机酸、脂肪、β-谷甾醇、犬问荆碱、二甲砜、胸嘧啶、3-甲氧基吡啶、多种氨基酸
苦地胆,植物界,被子植物门,双子叶植物纲,桔梗目,菊科,地胆草属,地胆草、白花地胆草,无羁萜醇、蛇麻脂醇、豆甾醇及卅烷醇、卅二烷醇、氯化钾
泽漆,植物界,被子植物门,木兰纲,金虎尾目,大戟科,大戟属,泽漆,泽漆皂甙（phasin）、 槲皮素 -3，5-二半 乳糖 甙（tithymalin）、β-dihydrofucosterol)、泽漆醇（heliscopiol）、西酸及 苹果 酸钙
辣蓼草,植物界,被子植物门,双子叶植物纲,石竹目,蓼科,蓼属,辣蓼草,水蓼二醛、异水蓼二醛、密叶辛木素、水蓼挥发油、水蓼酮、水蓼素-7-甲醚、水蓼素、槲皮素、槲皮黄甙、金丝桃甙、顺/反阿魏酸、顺/反芥子酸、香草酸、丁香酸、草木犀酸、黄酮类
海金沙,植物界,蕨类植物门,木贼纲,莎草蕨目,海金沙科,海金沙属,海金沙,高丝氨酸 、咖啡酸、香豆酸、脂肪油
竹黄,植物界,子囊菌门,子囊菌纲,肉座菌目,竹黄科,竹黄属,竹黄,竹红菌素、竹黄多糖、11，11'-二去氧沃替西林和蒽酮类化合物
羊肚菌,真菌界,子囊菌门,盘菌纲,盘菌目,羊肚菌科,羊肚菌属,羊肚菌,"粗蛋白及各种氨基酸、18种维生素以及人体必需的各种微量元素,还含有多糖、酶类、硒、有机锗等生物活性成分"
五倍子,植物界,被子植物门,双子叶植物纲,患子目,漆树科,盐肤木属,盐肤木、青麸杨、红麸杨,鞣质、脂肪酸、蛋白质、淀粉、微量元素、树脂、挥发油等
雷丸,真菌界,真菌门,层菌纲,伞菌目,白蘑科,脐蘑属,雷丸,雷丸多糖S-4002和雷丸素
昆布,植物界,褐藻门,褐藻纲,海带目,海带科,昆布属,昆布,蛋白质、脂肪、纤维素
云芝,真菌界,真菌门,层菌纲,多孔菌目,多孔菌科,栓菌属,云芝,甾体类、三萜类、有机酸类、生物碱类、葡糖醇类、蛋白质类、糖类、糖肽类等29个化合物
冬虫夏草,真菌界,子囊菌门,核菌纲,麦角菌目,线虫草属线虫草科,线虫草属,冬虫夏草,"粗蛋白, 粗脂肪, 糖, 粗纤维,  灰分"
紫芝,真菌界,担子菌门,担子菌纲,非褶菌目,灵芝科,灵芝属,紫灵芝,糖类化合物、三萜类化合物、甾体类化合物、生物碱及苷类、8脂肪族类化合物、芳香族类化合物、杂环族化合物、环肽类化合物、蛋白质
使君子,植物界,被子植物门,双子叶植物纲,桃金娘目,使君子科,使君子属,使君子,蔗糖、葡萄糖、果糖、戊聚糖、苹果酸、柠檬酸、琥珀酸、生物碱如N-甲基烟酸内盐、脯氨酸
车前子,植物界,被子植物门,双子叶植物纲,车前目,车前科,车前属,车前,生物碱类、环烯醚萜类、黄酮类、多糖类、苯乙醇苷类
榧子,植物界,裸子植物门,松杉纲,红豆杉目,红豆杉科,榧树属,榧树,蛋白质、脂肪酸、碳水化合物、膳食纤维、维生素A、维生素E、无机元素钙、铁、磷、钾、钠
油棕,植物界,被子植物门,木兰纲,棕榈目,棕榈科,油棕属,油棕,棕榈油，富含棕榈酸、油酸、亚油酸等脂肪酸，以及维生素E和胡萝卜素。
亚麻,植物界,被子植物门,木兰纲,金虎尾目,亚麻科,亚麻属,亚麻,富含α-亚麻酸、亚油酸、木酚素、亚麻胶等活性物质。
葵花,植物界,被子植物门,木兰纲,菊目,菊科,向日葵属,向日葵,脂肪油、亚油酸、锌、钾、钙、磷、铁、镁、维生素B1、维生素E等。
大豆,植物界,被子植物门,木兰纲,豆目,豆科,大豆属,大豆,蛋白质（含量约为22%～37%）、不饱和脂肪酸（约占85%）、钙、钾、维生素E、大豆异黄酮、植物固醇、膳食纤维等。
椰子,植物界,维管植物门,木兰纲,棕榈目,棕榈科,椰子属,椰子,椰子油（富含中链脂肪酸）、蛋白质、碳水化合物、矿物质（钾、钙、镁等）及维生素。
红花,植物界,被子植物门,木兰纲,菊目,菊科,红花属,红花,红花油（富含亚油酸）、红花黄色素、红花多糖等。
茶树,植物界,被子植物门,双子叶植物纲,山茶目,山茶科,山茶属,茶树,茶多酚、咖啡碱、氨基酸、维生素等。
绿花山芹,植物界,被子植物门,木兰纲,伞形目,伞形科,山芹属,绿花山芹,每100克含有约27大卡热量，0.41克碳水化合物，2.20克脂肪，2.80克蛋白质，以及1.70克纤维素。此外，还含有多种维生素和矿物质。
虎榛子,植物界,被子植物门,双子叶植物纲,山毛榉目,桦木科,虎榛子属,虎榛子,含有较高的脂肪、蛋白质和纤维素。
黑胡桃,植物界,被子植物门,双子叶植物纲,胡桃目,胡桃科,胡桃属,黑核桃,黑胡桃仁内含有丰富的蛋白质和脂肪，蛋白质含量可以达到28%左右，同时含有维生素、钙、铁等多种营养元素。
香榧,植物界,裸子植物门,球果纲,红豆杉目,红豆杉科,榧树属,榧树,每100克含水6.4克，蛋白质10克，脂肪44.1克（主要为不饱和脂肪酸），碳水化合物29.8克，粗纤维6.8克，还含有钙、磷、铁等多种矿物质和维生素。
红枫,植物界,被子植物门,双子叶植物纲,无患子目,槭树科,槭属,鸡爪槭,其叶子富含矿物质和有机酸，可能具有药用价值。红枫的树脂可提取香料油，常用于食品和香料。
苦楝,植物界,被子植物门,木兰纲,无患子目,楝科,楝属,楝,楝的种子、枝叶及树皮在印度周边地区作为植物药被广泛应用，其种子具有泄下及驱虫作用，可治疗胃溃疡；树皮具有收敛止血功效，用于治疗癌症、痛、脾脏及肝脏疾病等，种油用于治疗风湿病
山茶,植物界,维管植物门,木兰纲,杜鹃花目,山茶科,山茶属,山茶,山茶油富含不饱和脂肪酸，尤其是单不饱和脂肪酸（如油酸），还含有多种维生素和矿物质。
红豆杉,植物界,裸子植物门,松纲,柏目,红豆杉科,红豆杉属,西藏红豆杉,红豆杉的药用价值主要体现在它的提取物——次生代谢衍生物——紫杉醇。
香葱,植物界,被子植物门,木兰纲,天门冬目,石蒜科,葱属,香葱,维生素C、挥发油、烟酸、维生素B1、维生素B2、维生素A、脂肪酸等。
紫花苜蓿,植物界,被子植物门,双子叶植物纲,蔷薇目,豆科,苜蓿属,紫苜蓿,苜蓿草中的维生素种类多、品种齐全，特别是叶酸、叶绿素、VK、生物素、VE、VB2、叶黄素、胡萝卜素含量较高，苜蓿草中还含有钙、磷、铁、镁、钾、铜、锰等多种矿物质元素。
香草,植物界,被子植物门,单子叶植物纲,兰目,兰科,香草属,主要有香草种,通常富含多种维生素和矿物质，如维生素A、C、E以及钙、铁、锌等微量元素。此外，还含有多酚类物质和挥发性油。
苦荞,植物界,被子植物门,木兰纲,石竹目,蓼科,荞麦属,苦荞麦,苦荞麦具有较高的营养价值，含有蛋白质、生物类黄酮、多种维生素、纤维素、18种氨基酸、叶绿素及镁、钾、钙、铁、锰、锌、铬、铜、硒等多种成分，是谷类作物中唯一集七大营养素于一身的作物。
榉树,植物界,被子植物门,木兰纲,蔷薇目,榆科,榉属,榉树,果实整体含油20%-40%，包含葵酸、辛酸、月桂酸、油酸、棕榈酸和亚油酸等脂肪酸成分。
白蜡树,植物界,维管植物门,木兰纲,唇形目,木樨科,梣属,白蜡树,含有丰富的生物活性成分，如木质素、三萜类、多糖等。这些成分对人体健康具有特殊作用，如增强免疫力、延缓细胞老化、抗氧化、抗肿瘤等。
白花菜,植物界,被子植物门,木兰纲,十字花目,白花菜科,白花菜属,白花菜,每100克白花菜中，含有维生素C 12毫克、钙26毫克、磷6毫克、钾152毫克、钠215.7毫克、镁33毫克、铁0.6毫克、锌0.18毫克等。此外，还含有一定量的水分、蛋白质、脂肪和碳水化合物。
紫丁香,植物界,被子植物门,木兰纲,唇形目,木犀科,丁香属,紫丁香,其鲜花可用溶剂浸提浸膏，在从浸膏中可提取精油，其精油是食品、化妆品、医药工业的良好香料。有学者优化了紫丁香精油的提取工艺流程，发现精制法提取出的精油纯度高、杂质少、含香物质多、香气浓郁、品质上乘，应用前景广阔，具有一定的科研和经济价值。此外，紫丁香的嫩叶还可代茶。
白榆,植物界,种子植物门,双子叶植物纲,荨麻目,榆科,榆属,白榆,植物体含beta-固淄醇、植物醇，豆淄醇等多种淄醇类及鞣质，树胶，脂肪油。播种繁殖，成熟果实随采随播。
花生,植物界,被子植物门,木兰纲,豆目,豆科,落花生属,落花生,花生中油酸的相对含量高达50%以上，油酸对人体心血管有益，对人体的高血脂、有害胆固醇有降低作用，而不影响或相对提高有益胆固醇。
油茶,植物界,维管植物门,木兰纲,杜鹃花目,山茶科,山茶属,油茶,油茶制成的茶油，油酸、亚油酸、亚麻酸等不饱和脂肪酸的含量高达90%以上，且富含维生素A、维生素E等营养素，色泽金黄、口味香醇，具有与类似橄榄油的优良特性，享有“东方橄榄油”的美誉，是优质的食用油。
毛梾,植物界,被子植物门,木兰纲,山茱萸目,山茱萸科,山茱萸属,毛梾,在对比多种植物时，毛梾的Fe、Zn、Cu、Mn、Cr、Ni等微量元素含量相对较低。例如，Fe元素含量为201.53mg/kg，Zn含量为4.73mg/kg，Cu含量为0（或极低未检出），Mn含量为8.13mg/kg，Cr含量为0.36mg/kg，Ni含量为1.22mg/kg。微量元素总含量也较低，为241.83mg/kg。
文冠果,植物界,维管植物门,木兰纲,无患子目,无患子科,文冠果属,文冠果,矿物质：富含钙、磷、铁等矿物质，对骨骼健康、血液循环和神经传导有积极作用。
长柄扁桃,植物界,被子植物门,木兰纲,蔷薇目,蔷薇科,李属,长梗扁桃,蛋白质和脂肪：果仁含粗蛋白255.9g/kg，粗脂肪531g/kg。
元宝槭,植物界,被子植物门,木兰纲,无患子目,无患子科,槭属,元宝槭,油脂：种仁含油量高，油质优良，富含油酸和亚油酸等必需脂肪酸。
山桐子,植物界,被子植物门,木兰纲,金虎尾目,杨柳科,山桐子属,山桐子,维生素：富含维生素E和B族维生素。
星油藤,植物界,被子植物门,双子叶植物纲,大戟目,大戟科,星油藤属,星油藤,星油藤种子油脂可以食用。星油藤种子含有极其丰富的不饱和脂肪酸（ω-3，ω-6，ω-9）以及维生素E、维生素A和蛋白质及多酚类物质，且三种不饱和脂肪酸含量高达92%以上，被称为“世界植物营养‘长寿果王’和‘植物脑黄金’”。
翅果油,植物界,被子植物门,木兰纲,蔷薇目,胡颓子科,胡颓子属,翅果油树,种子含油脂，种仁含粗脂肪46.58-51.4s%，出油率可达30-35%
西康扁桃,植物界,被子植物门,木兰纲,蔷薇目,蔷薇科,李属,西康扁桃,西康扁桃的种仁可榨油，桃仁含油量45.95%，出油率40.00%以上，油色橙黄、清亮透明，可作食用油。核壳是制作优质活性炭的重要原料，木材材质坚硬，可作各种雕刻用材。树的韧皮纤维细长，可用来造纸及制造人造棉。果核还可以做工艺品及玩具。。
沙漠果,植物界,被子植物门,双子叶植物纲,桃金娘目,玉蕊科,龙葵属,枸杞,沙漠果营养丰富，果仁中出除含有蛋白质、脂肪、糖类外，胡萝卜素，维生素B1维生素B2，维生素E含量丰富；果仁中人体所需的8种氨基酸样样俱全，其含量远远高过核桃；果仁中钙、磷、铁含量也高于其他坚果。
甜杏仁,植物界,被子植物门,双子叶植物纲,蔷薇目,蔷薇科,丁香属,杏种,由于杏仁富含蛋白质、脂肪、糖类、胡萝卜素、B族维生素、维生素C、维生素P以及钙、磷、铁等营养成分。其中胡萝卜素的含量在果品中仅次于芒果，人们将大扁称为抗癌之果。大扁含有丰富的脂肪油，有降低胆固醇的作用，因此，大扁对防治心血管系统疾病有良好的作用；
毛叶山桐子,植物界,被子植物门,双子叶植物纲,侧膜胎座目,大风子科,山桐子属,毛叶山桐子,果实含油率20%-30%，种子含油率20%-26%。可做箱板及火柴盒，可制肥皂或做润滑油，是优质食用油和高级护肤皂、保健品的上佳原料。
蝴蝶果,植物界,被子植物门,木兰纲,金虎尾目,大戟科,蝴蝶果属,蝴蝶果,种子含有丰富的油脂和淀粉，经去毒处理后可食用，可先去子叶煮熟或炒熟食，也可磨成粉，拌在菜里当油用，也可提取作食用油，味如芝麻油和花生油混合的香味。
美藤果,植物界,被子植物门,双子叶植物纲,大戟目,大戟科,南美油藤属,美藤果,ω-3脂肪酸，美藤果油富含与皮肤亲和力的人体必需脂肪酸，美藤果油中所含丰富维生素E抗氧化物质，美藤果油含有抗氧化剂。
可可,植物界,被子植物门,木兰纲,锦葵目,梧桐科,可可属,可可,糖类：可可中含有一定量的糖类物质，为人体提供能量。
黄连木,植物界,被子植物门,木兰纲,无患子目,漆树科,黄连木属,黄连木,黄连木是优良的木本油料树种，具有出油率高、油品好的特点。研究结果证明：种子含油率42.26%（种仁含油率56.5%），种子出油率20-30%，果壳含油量3.28%，是一种不干性油，油色淡黄绿色，带苦涩味，精制后可供使用；鲜叶含芳香油0.12%，可作保健食品添加剂和香熏剂等。所含的脂肪酸主要包括棕榈酸、油酸、亚油酸、棕榈油酸、硬脂酸、花生四烯酸、亚麻酸，其中油酸、亚油酸、棕榈酸3种脂肪酸的含量之和占脂肪酸总量的95%左右。
辣木,植物界,被子植物门,木兰纲,十字花目,辣木科,辣木属,辣木,氨基酸：辣木含有约20种氨基酸，其中包括多种人体必需的氨基酸，这些氨基酸是构成蛋白质的基本单位，对维持人体生命活动至关重要。
油桐,植物界,被子植物门,双子叶植物纲,大戟目,大戟科,油桐属,油桐,油桐种子榨取的桐油主要用于工业领域，但其中也含有一定的不饱和脂肪酸和生物活性物质，对人体健康有一定益处（注意：桐油不可直接食用，需加工处理）。在工业上，桐油是重要的涂料和防腐剂原料。
油用牡丹,植物界,被子植物门,双子叶植物纲,芍药目,芍药科,芍药属,油用牡丹（通常指紫斑牡丹等特定品种）,其籽油不仅具有优异的抗氧化性能，还富含多种生物活性成分，如亚麻酸、亚油酸等，对心脑血管健康有益。
皮梾木,植物界,被子植物门,双子叶植物纲,无患子目,山茱萸科,梾木属,光皮梾木,光皮梾木油是从其果实中提取的，含有丰富的不饱和脂肪酸和抗氧化物质，如油酸、亚油酸和亚麻酸等。光皮梾木油不仅可用于食用油和保健品领域，还可用于生产生物柴油和化妆品等。
青刺果,植物界,被子植物门,双子叶植物纲,蔷薇目,蔷薇科,扁核木属（部分分类体系可能有所不同）,青刺果,青刺果油是从青刺果的果实中提取的，含有丰富的不饱和脂肪酸，如油酸、亚油酸等，以及多种维生素和矿物质。
麻疯树,植物界,被子植物门,双子叶植物纲,大戟目,大戟科,麻疯树属,麻疯树,麻疯树种子富含油脂，油脂含量高达40%-60%，主要为油酸和亚油酸等不饱和脂肪酸。此外，麻疯树种子还含有蛋白质、碳水化合物、粗纤维以及钙、磷、铁等多种矿物质和维生素。
蛇莓属,植物界,被子植物门,双子叶植物纲,蔷薇目,蔷薇科,蛇莓属,Unknown,
岭南山竹子,植物界,被子植物门,双子叶植物纲,侧膜胎座目,藤黄科,藤黄属（具体分类可能因岭南山竹子而有所不同，此处以藤黄属为例）,岭南山竹子,果实可食，甜美多汁；种子含油量高，种仁含油量尤为丰富，达70%，适合作工业用油。
大叶藤黄,植物界,被子植物门,双子叶植物纲,侧膜胎座目,藤黄科,藤黄属,大叶藤黄,果成熟后可食用，味道偏酸；种子含油量17.72%，适宜作工业用油；还可能含有其他对人体有益的成分，如维生素、矿物质等。
豌豆,植物界,被子植物门,双子叶植物纲,豆目,豆科,豌豆属,豌豆,豌豆种子及嫩荚、嫩苗均可食用；种子富含淀粉、油脂，还含有蛋白质、纤维素及多种维生素。其药用价值（未详细列出）可能涉及其他生物活性成分。
华檀梨,植物界,被子植物门,双子叶植物纲,未明确（可能因种类而异，如蔷薇目等）,未明确（可能属于蔷薇科、山茱萸科等，需具体分类信息）,Pyrularia（此为属名，但非广泛认知的科属分类）,华檀梨,果实成熟时味甜可食，富含糖分；种子可榨油，供食用，油脂成分未具体说明。
沼生栎,植物界,被子植物门,双子叶植物纲,壳斗目,壳斗科,栎属,沼生栎,坚果含淀粉46.1％，单宁10.6％，油脂12.6％，蛋白质及其他营养成分未详细列出。
硬核（原变种）,植物界,被子植物门,双子叶植物纲,未明确（可能因种类而异）,未明确（需具体分类信息，可能属于大戟科或其他）,Scleropyrum,硬核（原变种）Scleropyrum_wallichianum_var._wallichianum,种子含油量为67.45%，提取的油可作润滑油和制皂等工业用途。
红球姜,植物界,被子植物门,单子叶植物纲,姜目,姜科,姜属,红球姜,根茎能祛风解毒，治肚痛、腹泻，并可提取芳香油作调合香精原料。
铁线子,植物界,被子植物门,双子叶植物纲,无患子目,漆树科,铁线子属,铁线子,种子含油丰富，种仁含油量高，油供食用及药用。
银蒿,植物界,被子植物门,双子叶植物纲,桔梗目,菊科,蒿属,银蒿,含挥发油，作香料用；也含牲畜食用的粗蛋白、纤维素，牧区作饲料。
大花蒿,植物界,被子植物门,双子叶植物纲,桔梗目,菊科,蒿属,大花蒿,含挥发油与生物碱，主要成分为内脂类物质。另含牲畜食用的粗蛋白、纤维素等。
芸苔,植物界,被子植物门,双子叶植物纲,白花菜目,十字花科,芸苔属,芸苔,芸苔（唐本草）即油菜（通称），主要用于榨取食用油。
油芥菜,植物界,被子植物门,双子叶植物纲,白花菜目,十字花科,芸苔属,芥菜（油芥菜变种）,种子可榨油，供食用；磨粉可作调味品，又可入药。
油白菜,植物界,被子植物门,双子叶植物纲,白花菜目,十字花科,芸苔属,白菜（油白菜变种）,种子榨油供食用。
牛油果,植物界,被子植物门,双子叶植物纲,无患子目,樟科,鳄梨属,牛油果,种仁富含脂肪，为重要食用油及重要的工矿用油，又可制人造黄油等。
红厚壳,植物界,被子植物门,双子叶植物纲,侧膜胎座目,红厚壳科,红厚壳属,红厚壳,种子含油量20-30%，种仁含油量为50-60%，油可供工业用，加工后有多种用途。
方榄,植物界,被子植物门,双子叶植物纲,无患子目,橄榄科,橄榄属,方榄,果实可食用。种子油可用于制作肥皂或作为润滑油。木材用途与橄榄相似。
滇榄,植物界,被子植物门,双子叶植物纲,无患子目,橄榄科,橄榄属,滇榄,果实可生食。种子可榨取油脂。树脂棕褐色，状如松脂，可通过人工方法加工利用。
美国山核桃,植物界,被子植物门,双子叶植物纲,胡桃目,胡桃科,山核桃属,美国山核桃,果仁（即种子）富含油脂，可供食用。
越南山核桃,植物界,被子植物门,双子叶植物纲,胡桃目,胡桃科,山核桃属,越南山核桃,果仁含油脂，可供食用。模式标本采自越南北部。
毛樱桃,植物界,被子植物门,双子叶植物纲,蔷薇目,蔷薇科,李属,毛樱桃,果实微酸甜，可食用及酿酒；种仁含油率高，约为43%，可用于制作肥皂等。
笋瓜,植物界,被子植物门,双子叶植物纲,葫芦目,葫芦科,南瓜属,笋瓜,果实作蔬菜，种子含油，具有营养价值。
曲序香茅,植物界,被子植物门,单子叶植物纲,禾本目,禾本科,香茅属,曲序香茅,叶含柠檬香气，蒸馏出暗红色精油，用作人造香精油、香皂的原料等。
梭子果,植物界,被子植物门,双子叶植物纲,无患子目,漆树科（或根据最新分类可能有所变动）,梭子果属,梭子果,种子油供食用或制皂；木材通直，结构紧密，材质坚韧，为极好的建筑材料。
锈毛梭子果,植物界,被子植物门,双子叶植物纲,无患子目,七叶树科,梭子果属,锈毛梭子果,种子油供食用或制皂；木材通直，结构紧密，材质坚韧，为极好的木材资源。
云树,植物界,被子植物门,双子叶植物纲,侧膜胎座目,藤黄科,藤黄属,云树,果成熟后味酸甜，可食用；种子含油量约为9.37%，具有食用和潜在的工业价值。
香叶树,植物界,被子植物门,双子叶植物纲,樟目,樟科,山胡椒属,香叶树,种仁含油供制皂、润滑油、油墨及医用栓剂原料；也可供食用，具有多种经济价值。
清香木姜子,植物界,被子植物门,双子叶植物纲,樟目,樟科,木姜子属,清香木姜子,果实及叶、枝，可提取芳香油，用于配制化妆品及皂用香精，也具药用价值。
四川木姜子,植物界,被子植物门,双子叶植物纲,樟目,樟科,木姜子属,四川木姜子（变种）,叶和果均可提取芳香油，为食用香精及化妆品原料。种子富含脂肪，具有潜在的工业应用价值。
木姜子,植物界,被子植物门,双子叶植物纲,樟目,樟科,木姜子属,木姜子,果含芳香油，据四川资料，干果含芳香油2-6％，鲜果含3-4％，具有多种用途。
狼紫草,植物界,被子植物门,双子叶植物纲,管状花目,紫草科,狼紫草属,狼紫草,种子富含油脂，可榨油供食用。
蒜头果,植物界,被子植物门,双子叶植物纲,无患子目,铁青树科,蒜头果属,蒜头果,种子含油脂，成分为油酸、棕榈酸和硬脂酸等，为良好的木本油料来源。
人心果,植物界,被子植物门,双子叶植物纲,无患子目,山榄科,铁线子属（注意：也有资料将其归为人心果属，这里按您提供的拉丁名归类）,人心果,果可食，味甜可口；树干之乳汁为口香糖原料；种仁含油率20%，具有多种经济价值。
白花油麻藤,植物界,被子植物门,双子叶植物纲,豆目,蝶形花科（或豆科）,油麻藤属,白花油麻藤,具体营养成分未详述，但种子含淀粉，需注意其毒性。
常春油麻藤,植物界,被子植物门,双子叶植物纲,豆目,蝶形花科（或豆科）,油麻藤属,常春油麻藤,茎藤可能富含多种活性成分，对活血去瘀、舒筋活络有益，但具体营养成分需进一步分析。
黄花月见草,植物界,被子植物门,双子叶植物纲,柳叶菜目,柳叶菜科,月见草属,黄花月见草,种子富含油脂，可能包含多种不饱和脂肪酸及维生素E等，对食用与药用有益。
云南木犀榄,植物界,被子植物门,双子叶植物纲,捩花目,木犀科,木犀榄属,云南木犀榄,种子油富含对人体有益的不饱和脂肪酸及抗氧化物质，适合食用及工业用途。
西番莲属,植物界,被子植物门,双子叶植物纲,侧膜胎座目,西番莲科,西番莲属,（本属包含多个种，具体种名未给出）,本属有些种类可药用，果可食；种子可榨油。花大而美丽，亦可观赏或用于其他装饰性用途。
光叶山刺玫,植物界,被子植物门,双子叶植物纲,蔷薇目,蔷薇科,蔷薇属（山刺玫为其变种或亚种）,光叶山刺玫（变种或亚种名）,本种花粉红色并有香味，可栽培供观赏及提取芳香油之用，并可能具有其他经济价值或用途。
蓖麻,植物界,被子植物门,双子叶植物纲,大戟目,大戟科,蓖麻属,蓖麻,种子含蓖麻油，可用于工业、医药等领域；同时全株具有一定毒性，需谨慎处理。
苏子,植物界,被子植物门,双子叶植物纲,唇形目,唇形科（部分分类体系将其归入紫苏科）,紫苏属（或苏子属，根据具体分类体系）,苏子,种子富含油脂，主要用于食用和工业用油；同时全草及叶具有药用价值，如解表散寒、行气和胃等。
油莎豆,植物界,被子植物门,双子叶植物纲,莎草目,莎草科,莎草属（但油莎豆可能是一个特定的种或变种）,油莎豆,块茎富含淀粉、糖分和油脂，可食用或用于工业加工；同时具有一定的药用价值，如清热解毒、健脾开胃等。
棉花,植物界,被子植物门,双子叶植物纲,锦葵目,锦葵科,棉属,棉花（通常指栽培种，如陆地棉、海岛棉等）,主要经济价值在于其纤维，广泛用于纺织工业；同时棉籽可榨油，棉籽饼可用作饲料；棉花植株的某些部分也具有药用价值。
大麻,植物界,被子植物门,双子叶植物纲,荨麻目,桑科,大麻属,大麻,种子和茎秆富含纤维，可用于纺织、造纸等工业；同时大麻也具有一定的药用价值，如祛风除湿、活血止痛等；但需注意，某些品种的大麻含有致幻成分，需严格控制使用。
番茄,植物界,被子植物门,双子叶植物纲,茄目,茄科,番茄属,番茄,含有丰富的维生素C、维生素K、钾和叶酸，以及抗氧化物质番茄红素。
菠菜,植物界,被子植物门,双子叶植物纲,藜目,藜科,菠菜属,菠菜,含有大量的维生素K、维生素A、铁、钙和叶酸。
生菜,植物界,被子植物门,双子叶植物纲,桔梗目,菊科,莴苣属,生菜,富含纤维素、维生素A、维生素C和钾。
黄瓜,植物界,被子植物门,双子叶植物纲,葫芦目,葫芦科,黄瓜属,黄瓜,含有大量的水分、维生素K、维生素C和钾。
青椒,植物界,被子植物门,双子叶植物纲,茄目,茄科,辣椒属,青椒,含有丰富的维生素C、维生素A、钾和纤维素。
洋葱,植物界,被子植物门,单子叶植物纲,天门冬目,葱科,葱属,洋葱,富含抗氧化物质、维生素C、维生素B6、锰和钾。
茄子,植物界,被子植物门,双子叶植物纲,茄目,茄科,茄属,茄子,富含纤维素、维生素B群、钾和抗氧化物质。
萝卜,植物界,被子植物门,双子叶植物纲,十字花目,十字花科,萝卜属,萝卜,含有维生素C、钙、钾和纤维素。
豆角,植物界,被子植物门,双子叶植物纲,豆目,豆科,豇豆属,豆角,富含纤维素、蛋白质、维生素B群和矿物质。
莴笋,植物界,被子植物门,双子叶植物纲,桔梗目,菊科,莴苣属,莴笋,含有丰富的纤维素、维生素A、维生素C和钾。
芋头,植物界,被子植物门,单子叶植物纲,泽泻目,天南星科,芋属,芋头,富含碳水化合物、纤维素、维生素C、钾和镁。
四季豆,植物界,被子植物门,双子叶植物纲,豆目,豆科,菜豆属,四季豆,含有丰富的纤维素、蛋白质、维生素C和铁。
大葱,植物界,被子植物门,单子叶植物纲,天门冬目,葱科,葱属,大葱,含有丰富的维生素C、维生素B6、硒和锌。
竹笋,植物界,被子植物门,单子叶植物纲,禾本目,禾本科,竹属,竹笋,富含纤维素、蛋白质、维生素B群、钾和钙。
紫甘蓝,植物界,被子植物门,双子叶植物纲,十字花目,十字花科,芸苔属,甘蓝,含有丰富的维生素C、维生素K、纤维素和抗氧化物质。
花椰菜,植物界,被子植物门,双子叶植物纲,十字花目,十字花科,芸苔属,花椰菜,富含维生素C、维生素K、纤维素和叶酸。
甜菜,植物界,被子植物门,双子叶植物纲,藜目,藜科,甜菜属,甜菜,含有丰富的纤维素、叶酸、维生素C和镁。
西葫芦,植物界,被子植物门,双子叶植物纲,葫芦目,葫芦科,西葫芦属,西葫芦,富含纤维素、维生素C、钾和锰。
青豆,植物界,被子植物门,双子叶植物纲,豆目,豆科,菜豆属,青豆,富含蛋白质、纤维素、维生素B群和铁。
红薯,植物界,被子植物门,双子叶植物纲,管花目,旋花科,甘薯属,甘薯,富含碳水化合物、纤维素、维生素A、维生素C和钾。
秋葵,植物界,被子植物门,双子叶植物纲,锦葵目,锦葵科,秋葵属,秋葵,富含纤维素、维生素C、维生素A和钾。
芦笋,植物界,被子植物门,单子叶植物纲,天门冬目,天门冬科,芦笋属,芦笋,富含纤维素、维生素K、维生素A和叶酸。
菜心,植物界,被子植物门,双子叶植物纲,十字花目,十字花科,芸苔属,菜心,富含维生素C、维生素A、纤维素和钙。
空心菜,植物界,被子植物门,双子叶植物纲,茄目,旋花科,空心菜属,空心菜,富含纤维素、铁、钾和维生素A。
茼蒿,植物界,被子植物门,双子叶植物纲,桔梗目,菊科,茼蒿属,茼蒿,富含维生素A、维生素C、钙和纤维素。
芦荟,植物界,被子植物门,单子叶植物纲,天门冬目,百合科,芦荟属,芦荟,含有维生素C、维生素E、钙和抗氧化物质。
油麦菜,植物界,被子植物门,双子叶植物纲,桔梗目,菊科,莴苣属,油麦菜,含有丰富的维生素C、纤维素、维生素A和钙。
青萝卜,植物界,被子植物门,双子叶植物纲,十字花目,十字花科,萝卜属,青萝卜,富含维生素C、维生素B群、钾和钙。
荠菜,植物界,被子植物门,双子叶植物纲,十字花目,十字花科,荠菜属,荠菜,富含纤维素、维生素C、钙和铁。
白萝卜,植物界,被子植物门,双子叶植物纲,十字花目,十字花科,萝卜属,白萝卜,含有丰富的纤维素、维生素C、钾和钙。
芋兰,植物界,被子植物门,单子叶植物纲,泽泻目,天南星科,芋属,芋兰,富含纤维素、维生素B群、钾和镁。
木耳菜,植物界,被子植物门,双子叶植物纲,桔梗目,落葵科,落葵属,木耳菜,含有维生素A、维生素C、钙和纤维素。
青蒜,植物界,被子植物门,单子叶植物纲,天门冬目,葱科,蒜属,青蒜,富含维生素C、维生素B6、硒和锰。
牛角椒,植物界,被子植物门,双子叶植物纲,茄目,茄科,辣椒属,牛角椒,富含维生素C、维生素A、纤维素和抗氧化物质。
慈姑,植物界,被子植物门,单子叶植物纲,泽泻目,泽泻科,慈姑属,慈姑,含有碳水化合物、纤维素、钾和维生素C。
马齿苋,植物界,被子植物门,双子叶植物纲,石竹目,马齿苋科,马齿苋属,马齿苋,富含欧米茄-3脂肪酸、维生素C、维生素A和镁。
韭黄,植物界,被子植物门,单子叶植物纲,天门冬目,葱科,韭菜属,韭黄,含有丰富的维生素A、维生素C、纤维素和钾。
红辣椒,植物界,被子植物门,双子叶植物纲,茄目,茄科,辣椒属,红辣椒,含有丰富的维生素C、维生素A、抗氧化物质和钾。
红苋菜,植物界,被子植物门,双子叶植物纲,石竹目,苋科,苋属,红苋菜,含有丰富的维生素A、维生素C、铁和纤维素。
苦菊,植物界,被子植物门,双子叶植物纲,桔梗目,菊科,苦苣属,苦菊,富含维生素A、维生素C、钙和纤维素。
龙须菜,植物界,被子植物门,单子叶植物纲,泽泻目,泽泻科,龙须菜属,龙须菜,富含纤维素、钾、维生素C和钙。
银耳,真菌界,担子菌门,银耳纲,银耳目,银耳科,银耳属,银耳,富含多糖、纤维素、维生素D和铁。
白薯,植物界,被子植物门,双子叶植物纲,管花目,旋花科,甘薯属,白薯,含有碳水化合物、纤维素、维生素A和钾。
雪里蕻,植物界,被子植物门,双子叶植物纲,十字花目,十字花科,芸苔属,雪里蕻,富含维生素C、纤维素、钙和铁。
菊苣,植物界,被子植物门,双子叶植物纲,菊目,菊科,菊苣属,菊苣,富含维生素C、钾、钙和纤维素。
地瓜,植物界,被子植物门,双子叶植物纲,管花目,旋花科,甘薯属,地瓜,含有碳水化合物、纤维素、维生素A和钾。
海带,植物界,褐藻门,褐藻纲,海带目,海带科,海带属,海带,富含碘、钙、纤维素和多糖。
西洋菜,植物界,被子植物门,双子叶植物纲,十字花目,十字花科,豆瓣菜属,西洋菜,富含维生素C、维生素K、钙和纤维素。
红薯叶,植物界,被子植物门,双子叶植物纲,管花目,旋花科,甘薯属,红薯,富含维生素A、维生素C、纤维素和钾。
金针菇,真菌界,担子菌门,伞菌纲,伞菌目,伞菌科,金针菇属,金针菇,富含蛋白质、纤维素、维生素B群和钾。
红葱,植物界,被子植物门,单子叶植物纲,天门冬目,葱科,葱属,红葱,富含维生素C、维生素B6、铁和硒。
苤蓝,植物界,被子植物门,双子叶植物纲,十字花目,十字花科,芸苔属,苤蓝,富含维生素C、纤维素、钙和钾。
洋姜,植物界,被子植物门,双子叶植物纲,菊目,菊科,向日葵属,洋姜,富含纤维素、维生素C、钾和钙。
马兰头,植物界,被子植物门,双子叶植物纲,桔梗目,菊科,马兰属,马兰头,含有丰富的纤维素、维生素C、钙和钾。
蕹菜,植物界,被子植物门,双子叶植物纲,管花目,旋花科,蕹菜属,蕹菜,富含维生素A、维生素C、钾和镁。
山药,植物界,被子植物门,单子叶植物纲,薯蓣目,薯蓣科,薯蓣属,山药,富含碳水化合物、维生素C、钾和纤维素。
大蒜,植物界,被子植物门,单子叶植物纲,天门冬目,百合科,葱属,大蒜,含有丰富的维生素C、锰、硒和纤维素。
土豆,植物界,被子植物门,双子叶植物纲,茄目,茄科,马铃薯属,土豆,富含碳水化合物、维生素C、纤维素和钾。
香菇,真菌界,担子菌门,伞菌纲,伞菌目,伞菌科,香菇属,香菇,富含蛋白质、维生素B群、铁和钙。
樱桃萝卜,植物界,被子植物门,双子叶植物纲,十字花目,十字花科,萝卜属,樱桃萝卜,富含维生素C、钾、纤维素和抗氧化剂。
绿豆芽,植物界,被子植物门,双子叶植物纲,豆目,豆科,豇豆属,绿豆,富含维生素C、维生素K、蛋白质和纤维素。
荸荠,植物界,被子植物门,单子叶植物纲,泽泻目,莎草科,荸荠属,荸荠,富含纤维素、维生素C、钾和钙。
洋蓟,植物界,被子植物门,双子叶植物纲,菊目,菊科,洋蓟属,洋蓟,富含维生素C、纤维素、铁和镁。
球芽甘蓝,植物界,被子植物门,双子叶植物纲,十字花目,十字花科,芸苔属,球芽甘蓝,富含维生素C、维生素K、纤维素和抗氧化剂。
苋菜,植物界,被子植物门,双子叶植物纲,石竹目,苋科,苋属,苋菜,富含维生素A、维生素C、钙和铁。
莴苣,植物界,被子植物门,双子叶植物纲,菊目,菊科,莴苣属,莴苣,富含维生素A、维生素C、钙和纤维素。
毛豆,植物界,被子植物门,双子叶植物纲,豆目,豆科,大豆属,大豆,富含蛋白质、维生素B群、铁和纤维素。
莼菜,植物界,被子植物门,双子叶植物纲,莲目,莼菜科,莼菜属,莼菜,富含维生素C、纤维素、钾和钙。
甜玉米,植物界,被子植物门,单子叶植物纲,禾本目,禾本科,玉米属,甜玉米,富含碳水化合物、纤维素、维生素B群和镁。
葫芦,植物界,被子植物门,双子叶植物纲,葫芦目,葫芦科,葫芦属,葫芦,富含水分、维生素C、纤维素和钾。
山芋,植物界,被子植物门,单子叶植物纲,薯蓣目,薯蓣科,薯蓣属,山芋,富含碳水化合物、纤维素、钾和维生素C。
藜蒿,植物界,被子植物门,双子叶植物纲,桔梗目,菊科,蒿属,藜蒿,富含维生素C、纤维素、钙和钾。
枸杞叶,植物界,被子植物门,双子叶植物纲,茄目,茄科,枸杞属,枸杞,富含维生素C、铁、纤维素和钾。
荷兰豆,植物界,被子植物门,双子叶植物纲,豆目,豆科,豌豆属,荷兰豆,富含纤维素、维生素C、蛋白质和钾。
扁豆,植物界,被子植物门,双子叶植物纲,豆目,豆科,扁豆属,扁豆,富含蛋白质、纤维素、维生素B群和钾。
蚕豆,植物界,被子植物门,双子叶植物纲,豆目,豆科,蚕豆属,蚕豆,富含蛋白质、纤维素、维生素B6和铁。
黄豆,植物界,被子植物门,双子叶植物纲,豆目,豆科,大豆属,黄豆,富含蛋白质、纤维素、维生素B群和镁。
豇豆,植物界,被子植物门,双子叶植物纲,豆目,豆科,豇豆属,豇豆,富含纤维素、蛋白质、维生素B群和钙。
儿茶,植物界,被子植物门,双子叶植物纲,蔷薇目,豆科,金合欢属,儿茶,心材碎片煎汁，经浓缩干燥即为儿茶浸膏或儿茶末，有清热、生津、化痰、止血、敛疮、生肌、定痛等功能。从心材中提取的拷胶也是工业上鞣革、染料用的优良原料。木材坚硬、细致，可供枕木、建筑、农具、车厢等用。
茶条槭,植物界,被子植物门,双子叶植物纲,无患子目,槭树科,槭属,茶条槭组,本亚种的树皮、叶和果实都含鞣质、可提制栲胶，又可为黑色染料。树皮的纤维可作人造棉和造纸的原料。嫩叶烘干后可代替茶叶用为饮料，有降低血压的作用，又为夏季丝织工作人员一种特殊饮料，服后汗水落在丝绸上，无黄色斑点。种子榨油，可用以制造肥皂。
西南五月茶,植物界,被子植物门,双子叶植物纲,大戟目,大戟科,五月茶属,五月茶,生于海拔140-1500米山地疏林中，五月茶的叶子，用来泡水洗澡或饮用，可以驱邪避疫出没之时，以求驱邪避疫和身体健康。
毛茶,植物界,被子植物门,双子叶植物纲,茜草目,茜草科,毛茶属,毛茶,生于林下或灌木丛中，在干旱瘦瘠的砾土上植株矮小，叶变细，生长在溪旁或密林下的往往高达3-4米，叶长达8厘米。据记载本属植物的树皮有退热之效，但尚待证明。
古山龙,植物界,被子植物门,双子叶植物纲,毛茛目,防己科,古山龙属,古山龙,这种植物的根和茎都含有多种生物碱，如小檗碱( berberine )和巴马汀(palmatine) 等，是海南民间常用的一种退热剂，也有很好的消炎作用。
百两金,植物界,被子植物门,双子叶植物纲,报春花目,紫金牛科,紫金牛属,紫金牛,根、叶有清热利咽、舒筋活血等功效，用于治咽喉痛、扁桃腺炎、肾炎水肿及跌打风湿等症，又用于治白浊、骨结核、痨伤咳血、痈疔、蛇咬伤等。果可食；种子可榨油。
北马兜铃,植物界,被子植物门,双子叶植物纲,马兜铃目,马兜铃科,马兜铃属,马兜铃,本种药用，茎叶称天仙藤，有行气治血、止痛、利尿之效。果称马兜铃，有清热降气、止咳平喘之效。根称青木香，有小毒，具健胃、理气止痛之效，并有降血压作用。
鹰爪花,植物界,被子植物门,双子叶植物纲,毛茛目,番荔枝科,鹰爪花属,鹰爪花,绿化植物，花极香，常栽培于公园或屋旁。鲜花含芳香油0.75-1.0％左右，可提制鹰爪花浸膏，用于高级香水化装品和皂用的香精原料，亦供熏茶用。根可药用，治疟疾。
奇蒿,植物界,被子植物门,双子叶植物纲,桔梗目,菊科,蒿属,蒿,含挥发油，主要成分有黄酮苷、酚类、氨基酸等。全草入药，东南各省称“刘寄奴”或称“南刘寄奴”，有活血、通经、清热、解毒、消炎、止痛、消食之效，民间用于治疗肠、胃及妇疾患，近年亦用于治血丝虫病，还可代茶泡饮作清凉解热药。
越南勾儿茶,植物界,被子植物门,双子叶植物纲,鼠李目,鼠李科,小勾儿茶属,越南勾儿茶,根、茎或叶可供药用，有祛风利湿、活血止痛、止咳祛痰之功效，主治风湿性关节痛、痛经、产后腹痛、肺结核、急慢性气管炎、黄疸、红白痢疾、跌打损伤、骨折和痈肿疮毒等症有一定的疗效。此外，嫩叶可代茶；枝可供做牛鼻圈。
腋毛勾儿茶,植物界,被子植物门,双子叶植物纲,鼠李目,鼠李科,小勾儿茶属,腋毛勾儿茶,根、茎或叶可供药用，有祛风利湿、活血止痛、止咳祛痰之功效，主治风湿性关节痛、痛经、产后腹痛、肺结核、急慢性气管炎、黄疸、红白痢疾、跌打损伤、骨折和痈肿疮毒等症有一定的疗效。此外，嫩叶可代茶；枝可供做牛鼻圈。
短果勾儿茶,植物界,被子植物门,双子叶植物纲,鼠李目,鼠李科,小勾儿茶属,短果勾儿茶,根、茎或叶可供药用，有祛风利湿、活血止痛、止咳祛痰之功效，主治风湿性关节痛、痛经、产后腹痛、肺结核、急慢性气管炎、黄疸、红白痢疾、跌打损伤、骨折和痈肿疮毒等症有一定的疗效。此外，嫩叶可代茶；枝可供做牛鼻圈。
黄背勾儿茶,植物界,被子植物门,双子叶植物纲,鼠李目,鼠李科,小勾儿茶属,黄背勾儿茶,根入药，有祛风除湿，散瘀消肿、止痛之功效；农民常用枝作牛鼻圈；嫩叶可代茶。
矩叶勾儿茶,植物界,被子植物门,双子叶植物纲,鼠李目,鼠李科,小勾儿茶属,矩叶勾儿茶,根入药，有祛风除湿，散瘀消肿、止痛之功效；农民常用枝作牛鼻圈；嫩叶可代茶。
台湾勾儿茶,植物界,被子植物门,双子叶植物纲,鼠李目,鼠李科,小勾儿茶属,台湾勾儿茶,此种以叶较小，侧脉每边6-8条；萼片顶端有急狭的短尖，与枯岭勾儿茶相区别。根入药，有祛风除湿，散瘀消肿、止痛之功效；农民常用枝作牛鼻圈；嫩叶可代茶。
大果勾儿茶,植物界,被子植物门,双子叶植物纲,鼠李目,鼠李科,小勾儿茶属,大果勾儿茶,叶形和核果的特征与原变种相同，惟叶下面无毛或仅沿脉被疏短柔毛，或脉腋有簇毛，叶柄无毛，与后者不同。根入药，有祛风除湿，散瘀消肿、止痛之功效；农民常用枝作牛鼻圈；嫩叶可代茶。
勾儿茶,植物界,被子植物门,双子叶植物纲,鼠李目,鼠李科,小勾儿茶属,勾儿茶,根、茎或叶可供药用，有祛风利湿、活血止痛、止咳祛痰之功效，主治风湿性关节痛、痛经、产后腹痛、肺结核、急慢性气管炎、黄疸、红白痢疾、跌打损伤、骨折和痈肿疮毒等症有一定的疗效。此外，嫩叶可代茶；枝可供做牛鼻圈。
牯岭勾儿茶,植物界,被子植物门,双子叶植物纲,鼠李目,鼠李科,小勾儿茶属,牯岭勾儿茶,根药用，治风湿痛。
云南勾儿茶,植物界,被子植物门,双子叶植物纲,鼠李目,鼠李科,小勾儿茶属,云南勾儿茶,常生于山坡、溪流边灌丛或林中，海拔1500-3900米。根入药，有祛风除湿，散瘀消肿、止痛之功效；农民常用枝作牛鼻圈；嫩叶可代茶。
旋蒴苣苔,植物界,被子植物门,双子叶植物纲,管状花目,苦苣苔科,旋蒴苣苔属,旋蒴苣苔,全草药用，味甘，性温，治中耳炎、跌打损伤等。
双腺野海棠,植物界,被子植物门,双子叶植物纲,桃金娘目,野牡丹科,野海棠属,双腺野海棠,"具有清热止咳,散瘀消肿的功效。主治慢性支气管炎,肺热咳嗽,外感高热,扁桃体炎,百日咳,痈疮红肿,无名肿毒,跌打损伤。"
鸭脚茶,植物界,被子植物门,双子叶植物纲,桃金娘目,野牡丹科,野海棠属,鸭脚茶,全株供药用，叶煎水洗身可治感冒；根与猪脑煎服治头痛或疟疾，与猪腰煎水冲酒服治腰痛。
黑面神,植物界,被子植物门,双子叶植物纲,大戟目,大戟科,黑面神属,黑面神,枝、叶和茎皮均含鞣质，茎皮中含量为12.02％。叶含酚类与三萜。种子含脂肪油。根、叶供药用，可治肠胃炎、咽喉肿痛、风湿骨痛、湿疹、高血脂病等；全株煲水外洗可治疮疖、皮炎等。
萼翅藤,植物界,被子植物门,双子叶植物纲,桃金娘目,使君子科,萼翅藤属,萼翅藤,叶用作强壮药和去毒药，为妇女分娩后15天内作茶的饮料，也用作裹烟的叶子。果用作兴奋剂。
中东金花茶,植物界,被子植物门,双子叶植物纲,侧膜胎座目,山茶科,山茶属,中东金花茶,种子含油量高，茶叶是广泛嗜好的饮料。本种近似金花茶C. nitidissima Chi，但叶片较短小，椭圆形，薄革质，锯齿不明显，可资区别。
尖萼瘤果茶,植物界,被子植物门,双子叶植物纲,侧膜胎座目,山茶科,山茶属,尖萼瘤果茶,本种与尖苞瘤果茶C. acutiperulata Chang的区别，在于叶片较狭窄，花较短小，苞片圆形，萼片革质，花柱3条。种子有毛。种子含油量高。
尖苞瘤果茶,植物界,被子植物门,双子叶植物纲,侧膜胎座目,山茶科,山茶属,尖苞瘤果茶,海拔1 000米常绿林中。本种苞片及萼片均尖锐，子房无毛，种子无毛。
大白山茶,植物界,被子植物门,双子叶植物纲,侧膜胎座目,山茶科,山茶属,大白山茶,生于海拔200-250米的常绿林中。具有促进食欲、提神、护肝等作用和功效。
白丝毛红山茶,植物界,被子植物门,双子叶植物纲,侧膜胎座目,山茶科,山茶属,白丝毛红山茶,海拔1 550米的山地疏林。叶片较狭窄，花瓣较少，萼片及花瓣被白丝毛，子房3室。具有促进食欲、提神、护肝等作用和功效。
白毛红山茶,植物界,被子植物门,双子叶植物纲,侧膜胎座目,山茶科,山茶属,白毛红山茶,促进食欲、提神、护肝。
抱茎短蕊茶,植物界,被子植物门,双子叶植物纲,侧膜胎座目,山茶科,山茶属,抱茎短蕊茶,海拔330米的山谷疏林中。具有促进食欲、提神、护肝等作用和功效。
大树茶,植物界,被子植物门,双子叶植物纲,侧膜胎座目,山茶科,山茶属,大树茶,海拔1 000-2 000米的山地疏林。本种与茶树C. sinensis O. Ktze. 的区别在于花大，花瓣较多，花柄较长，与紫果茶C. purpurea Chang et Chen的分别，在于萼片无毛，果实较大，果皮较薄。具有促进食欲、提神、护肝等作用和功效。
普洱茶,植物界,被子植物门,双子叶植物纲,侧膜胎座目,山茶科,山茶属,普洱茶,"普洱茶的功效与作用主要有提神、安神、明目、止渴生津,还具有降脂降压、降低尿酸。"
多脉普洱茶,植物界,被子植物门,双子叶植物纲,侧膜胎座目,山茶科,山茶属,多脉普洱茶,采自云南绿春县骑马坝乡蚂蚁村，海拔1400米的山地疏林。当地采制供饮用，称蚂蚁茶。
苦茶,植物界,被子植物门,双子叶植物纲,侧膜胎座目,山茶科,山茶属,苦茶,海拔1 370米的山地疏林，树高8米，叶片最长达29厘米，宽9厘米，茶味极苦，作苦茶饮用。
大萼毛蕊茶,植物界,被子植物门,双子叶植物纲,侧膜胎座目,山茶科,山茶属,大萼毛蕊茶,含有丰富的茶多酚、儿茶素、氨基酸、维生素等。 具有抗氧化、抗炎、降血脂等作用。
香港毛蕊茶,植物界,被子植物门,双子叶植物纲,侧膜胎座目,山茶科,山茶属,香港毛蕊茶,含有多种微量元素、茶多酚、氨基酸等。 具有清热解毒、抗氧化、抗疲劳等功效。
老黑茶,植物界,被子植物门,双子叶植物纲,侧膜胎座目,山茶科,山茶属,老黑茶,富含茶多酚、咖啡因、氨基酸、矿物质等。 有助于消化、降脂、抗氧化、提神等。
直脉瘤果茶,植物界,被子植物门,双子叶植物纲,侧膜胎座目,山茶科,山茶属,直脉瘤果茶,含有茶多酚、儿茶素、氨基酸、维生素等。 具有抗氧化、抗炎、降血压等作用。
五室金花茶,植物界,被子植物门,双子叶植物纲,侧膜胎座目,山茶科,山茶属,五室金花茶,富含茶多酚、氨基酸、维生素等。 具有抗氧化、抗衰老、保护心血管等功效。
白灵山红山茶,植物界,被子植物门,双子叶植物纲,侧膜胎座目,山茶科,山茶属,白灵山红山茶,一般含有茶多酚、氨基酸、维生素、矿物质等。 具有抗氧化、抗炎、保护心血管、美容养颜等作用。
竹叶红山茶,植物界,被子植物门,双子叶植物纲,侧膜胎座目,山茶科,山茶属,竹叶红山茶,富含茶多酚、氨基酸、维生素等。 具有抗氧化、抗衰老、保护心血管等功效。
滇北红山茶,植物界,被子植物门,双子叶植物纲,侧膜胎座目,山茶科,山茶属,滇北红山茶,含有茶多酚、咖啡因、氨基酸、维生素C、矿物质等。具有抗氧化、提神、助消化、降血压等作用。
短蕊茶,植物界,被子植物门,双子叶植物纲,侧膜胎座目,山茶科,山茶属,短蕊茶,含有茶多酚、咖啡因、氨基酸、维生素C、矿物质等。具有抗氧化、提神、助消化、降血压等作用。
短蕊红山茶,植物界,被子植物门,双子叶植物纲,侧膜胎座目,山茶科,山茶属,短蕊红山茶,含有茶多酚、咖啡因、氨基酸、维生素C、矿物质等。具有抗氧化、提神、助消化、降血压等作用。
短轴红山茶,植物界,被子植物门,双子叶植物纲,侧膜胎座目,山茶科,山茶属,短轴红山茶,含有茶多酚、咖啡因、氨基酸、维生素C、矿物质等。具有抗氧化、提神、助消化、降血压等作用。
短柄红山茶,植物界,被子植物门,双子叶植物纲,侧膜胎座目,山茶科,山茶属,短柄红山茶,含有茶多酚、咖啡因、氨基酸、维生素C、矿物质等。具有抗氧化、提神、助消化、降血压等作用。
短柱茶,植物界,被子植物门,双子叶植物纲,侧膜胎座目,山茶科,山茶属,短柱茶,含有茶多酚、咖啡因、氨基酸、维生素C、矿物质等。具有抗氧化、提神、助消化、降血压等作用。
黄杨叶连蕊茶,植物界,被子植物门,双子叶植物纲,侧膜胎座目,山茶科,山茶属,黄杨叶连蕊茶,含有多种氨基酸、茶多酚、维生素和矿物质。有助于抗氧化、抗炎、增强免疫力、保护心血管健康。
美齿连蕊茶,植物界,被子植物门,双子叶植物纲,侧膜胎座目,山茶科,山茶属,美齿连蕊茶,含有多种氨基酸、茶多酚、维生素和矿物质。有助于抗氧化、抗炎、增强免疫力、保护心血管健康。
钟萼连蕊茶,植物界,被子植物门,双子叶植物纲,侧膜胎座目,山茶科,山茶属,钟萼连蕊茶,含有多种氨基酸、茶多酚、维生素和矿物质。有助于抗氧化、抗炎、增强免疫力、保护心血管健康。
白毛蕊茶,植物界,被子植物门,双子叶植物纲,侧膜胎座目,山茶科,山茶属,白毛蕊茶,含有多种氨基酸、茶多酚、维生素和矿物质。有助于抗氧化、抗炎、增强免疫力、保护心血管健康。
长尾毛蕊茶,植物界,被子植物门,双子叶植物纲,侧膜胎座目,山茶科,山茶属,长尾毛蕊茶,含有多种氨基酸、茶多酚、维生素和矿物质。有助于抗氧化、抗炎、增强免疫力、保护心血管健康。
假大头茶,植物界,被子植物门,双子叶植物纲,侧膜胎座目,山茶科,山茶属,假大头茶,含有多种氨基酸、茶多酚、维生素和矿物质。有助于抗氧化、抗炎、增强免疫力、保护心血管健康。
浙江红山茶,植物界,被子植物门,双子叶植物纲,侧膜胎座目,山茶科,山茶属,浙江红山茶,富含茶多酚、咖啡因、氨基酸、维生素C等。 具有抗氧化、抗疲劳、促进新陈代谢、降低胆固醇等效果。
薄叶金花茶,植物界,被子植物门,双子叶植物纲,侧膜胎座目,山茶科,山茶属,薄叶金花茶,富含茶多酚、咖啡因、氨基酸、维生素C等。 具有抗氧化、抗疲劳、促进新陈代谢、降低胆固醇等效果。
重庆山茶,植物界,被子植物门,双子叶植物纲,侧膜胎座目,山茶科,山茶属,重庆山茶,富含茶多酚、咖啡因、氨基酸、维生素C等。 具有抗氧化、抗疲劳、促进新陈代谢、降低胆固醇等效果。
陈氏红山茶,植物界,被子植物门,双子叶植物纲,侧膜胎座目,山茶科,山茶属,陈氏红山茶,富含茶多酚、咖啡因、氨基酸、维生素C等。 具有抗氧化、抗疲劳、促进新陈代谢、降低胆固醇等效果。
扁果红山茶,植物界,被子植物门,双子叶植物纲,侧膜胎座目,山茶科,山茶属,扁果红山茶,富含茶多酚、咖啡因、氨基酸、维生素C等。 具有抗氧化、抗疲劳、促进新陈代谢、降低胆固醇等效果。
小果短柱茶,植物界,被子植物门,双子叶植物纲,侧膜胎座目,山茶科,山茶属,小果短柱茶,含有茶多酚、氨基酸、维生素、矿物质等。有助于抗氧化、抗衰老、保护肝脏、改善血液循环。
合柱糙果茶,植物界,被子植物门,双子叶植物纲,侧膜胎座目,山茶科,山茶属,合柱糙果茶,含有茶多酚、氨基酸、维生素、矿物质等。有助于抗氧化、抗衰老、保护肝脏、改善血液循环。
心叶毛蕊茶,植物界,被子植物门,双子叶植物纲,侧膜胎座目,山茶科,山茶属,心叶毛蕊茶,含有茶多酚、氨基酸、维生素、矿物质等。有助于抗氧化、抗衰老、保护肝脏、改善血液循环。
突肋茶,植物界,被子植物门,双子叶植物纲,侧膜胎座目,山茶科,山茶属,突肋茶,含有茶多酚、氨基酸、维生素、矿物质等。有助于抗氧化、抗衰老、保护肝脏、改善血液循环。
贵州连蕊茶,植物界,被子植物门,双子叶植物纲,侧膜胎座目,山茶科,山茶属,贵州连蕊茶,通常含有茶多酚、咖啡因、氨基酸、矿物质等。具有抗氧化、抗炎、促进消化、提高免疫力等作用。
红皮糙果茶,植物界,被子植物门,双子叶植物纲,侧膜胎座目,山茶科,山茶属,红皮糙果茶,通常含有茶多酚、咖啡因、氨基酸、矿物质等。具有抗氧化、抗炎、促进消化、提高免疫力等作用。
厚轴茶,植物界,被子植物门,双子叶植物纲,侧膜胎座目,山茶科,山茶属,厚轴茶,通常含有茶多酚、咖啡因、氨基酸、矿物质等。具有抗氧化、抗炎、促进消化、提高免疫力等作用。
厚柄连蕊茶,植物界,被子植物门,双子叶植物纲,侧膜胎座目,山茶科,山茶属,厚柄连蕊茶,通常含有茶多酚、咖啡因、氨基酸、矿物质等。具有抗氧化、抗炎、促进消化、提高免疫力等作用。
厚瓣短蕊茶,植物界,被子植物门,双子叶植物纲,侧膜胎座目,山茶科,山茶属,厚瓣短蕊茶,通常含有茶多酚、咖啡因、氨基酸、矿物质等。具有抗氧化、抗炎、促进消化、提高免疫力等作用。
厚叶红山茶,植物界,被子植物门,双子叶植物纲,侧膜胎座目,山茶科,山茶属,厚叶红山茶,含有茶多酚、氨基酸、维生素、矿物质等。有助于抗氧化、抗疲劳、保护心血管、降低血糖。
杯萼毛蕊茶,植物界,被子植物门,双子叶植物纲,侧膜胎座目,山茶科,山茶属,杯萼毛蕊茶,含有茶多酚、氨基酸、维生素、矿物质等。有助于抗氧化、抗疲劳、保护心血管、降低血糖。
皱叶茶,植物界,被子植物门,双子叶植物纲,侧膜胎座目,山茶科,山茶属,皱叶茶,含有茶多酚、氨基酸、维生素、矿物质等。有助于抗氧化、抗疲劳、保护心血管、降低血糖。
隐脉红山茶,植物界,被子植物门,双子叶植物纲,侧膜胎座目,山茶科,山茶属,隐脉红山茶,含有茶多酚、氨基酸、维生素、矿物质等。有助于抗氧化、抗疲劳、保护心血管、降低血糖。
尖连蕊茶,植物界,被子植物门,双子叶植物纲,侧膜胎座目,山茶科,山茶属,尖连蕊茶,含有茶多酚、氨基酸、维生素、矿物质等。有助于抗氧化、抗疲劳、保护心血管、降低血糖。
浙江尖连蕊茶,植物界,被子植物门,双子叶植物纲,侧膜胎座目,山茶科,山茶属,浙江尖连蕊茶,含有茶多酚、咖啡因、氨基酸、矿物质等。 具有抗氧化、提神、助消化、降血脂等效果。
大花尖连蕊茶,植物界,被子植物门,双子叶植物纲,侧膜胎座目,山茶科,山茶属,大花尖连蕊茶,含有茶多酚、咖啡因、氨基酸、矿物质等。 具有抗氧化、提神、助消化、降血脂等效果。
丹寨秃茶,植物界,被子植物门,双子叶植物纲,侧膜胎座目,山茶科,山茶属,丹寨秃茶,含有茶多酚、咖啡因、氨基酸、矿物质等。 具有抗氧化、提神、助消化、降血脂等效果。
德宏茶,植物界,被子植物门,双子叶植物纲,侧膜胎座目,山茶科,山茶属,德宏茶,含有茶多酚、咖啡因、氨基酸、矿物质等。 具有抗氧化、提神、助消化、降血脂等效果。
秃梗连蕊茶,植物界,被子植物门,双子叶植物纲,侧膜胎座目,山茶科,山茶属,秃梗连蕊茶,含有茶多酚、咖啡因、氨基酸、矿物质等。 具有抗氧化、提神、助消化、降血脂等效果。
无齿毛蕊茶,植物界,被子植物门,双子叶植物纲,侧膜胎座目,山茶科,山茶属,无齿毛蕊茶,常含有茶多酚、氨基酸、维生素、矿物质等。 有助于抗氧化、抗炎、保护心血管、增强免疫力。
尖萼红山茶,植物界,被子植物门,双子叶植物纲,侧膜胎座目,山茶科,山茶属,尖萼红山茶,常含有茶多酚、氨基酸、维生素、矿物质等。 有助于抗氧化、抗炎、保护心血管、增强免疫力。
防城茶,植物界,被子植物门,双子叶植物纲,侧膜胎座目,山茶科,山茶属,防城茶,常含有茶多酚、氨基酸、维生素、矿物质等。 有助于抗氧化、抗炎、保护心血管、增强免疫力。
糙果茶,植物界,被子植物门,双子叶植物纲,侧膜胎座目,山茶科,山茶属,糙果茶,常含有茶多酚、氨基酸、维生素、矿物质等。 有助于抗氧化、抗炎、保护心血管、增强免疫力。
高州油茶,植物界,被子植物门,双子叶植物纲,侧膜胎座目,山茶科,山茶属,高州油茶,常含有茶多酚、氨基酸、维生素、矿物质等。 有助于抗氧化、抗炎、保护心血管、增强免疫力。
秃茶,植物界,被子植物门,双子叶植物纲,侧膜胎座目,山茶科,山茶属,秃茶,含有茶多酚、咖啡因、氨基酸、矿物质等。 具有抗氧化、提神、助消化、降血压等作用。
大苞茶,植物界,被子植物门,双子叶植物纲,侧膜胎座目,山茶科,山茶属,大苞茶,含有茶多酚、咖啡因、氨基酸、矿物质等。 具有抗氧化、提神、助消化、降血压等作用。
秃房茶,植物界,被子植物门,双子叶植物纲,侧膜胎座目,山茶科,山茶属,秃房茶,含有茶多酚、咖啡因、氨基酸、矿物质等。 具有抗氧化、提神、助消化、降血压等作用。
光果山茶,植物界,被子植物门,双子叶植物纲,侧膜胎座目,山茶科,山茶属,光果山茶,含有茶多酚、咖啡因、氨基酸、矿物质等。 具有抗氧化、提神、助消化、降血压等作用。
广南茶,植物界,被子植物门,双子叶植物纲,侧膜胎座目,山茶科,山茶属,广南茶,含有茶多酚、咖啡因、氨基酸、矿物质等。 具有抗氧化、提神、助消化、降血压等作用。
广西茶,植物界,被子植物门,双子叶植物纲,侧膜胎座目,山茶科,山茶属,广西茶,含有茶多酚、咖啡因、氨基酸、矿物质等。 具有抗氧化、提神、助消化、降血压等作用。
狭叶油茶,植物界,被子植物门,双子叶植物纲,侧膜胎座目,山茶科,山茶属,狭叶油茶,通常含有茶多酚、氨基酸、维生素、矿物质等。 有助于抗氧化、抗炎、保护心血管、提高免疫力。
膜叶茶,植物界,被子植物门,双子叶植物纲,侧膜胎座目,山茶科,山茶属,膜叶茶,通常含有茶多酚、氨基酸、维生素、矿物质等。 有助于抗氧化、抗炎、保护心血管、提高免疫力。
散柱茶,植物界,被子植物门,双子叶植物纲,侧膜胎座目,山茶科,山茶属,散柱茶,通常含有茶多酚、氨基酸、维生素、矿物质等。 有助于抗氧化、抗炎、保护心血管、提高免疫力。
小黄花茶,植物界,被子植物门,双子叶植物纲,侧膜胎座目,山茶科,山茶属,小黄花茶,通常含有茶多酚、氨基酸、维生素、矿物质等。 有助于抗氧化、抗炎、保护心血管、提高免疫力。
马关茶,植物界,被子植物门,双子叶植物纲,侧膜胎座目,山茶科,山茶属,马关茶,通常含有茶多酚、氨基酸、维生素、矿物质等。 有助于抗氧化、抗炎、保护心血管、提高免疫力。
多萼茶,植物界,被子植物门,双子叶植物纲,侧膜胎座目,山茶科,山茶属,多萼茶,通常含有茶多酚、氨基酸、维生素、矿物质等。 有助于抗氧化、抗炎、保护心血管、提高免疫力。
南川茶,植物界,被子植物门,双子叶植物纲,侧膜胎座目,山茶科,山茶属,南川茶,含有茶多酚、咖啡因、氨基酸、矿物质等。 具有抗氧化、提神、助消化、降血脂等效果。
细萼茶,植物界,被子植物门,双子叶植物纲,侧膜胎座目,山茶科,山茶属,细萼茶,含有茶多酚、咖啡因、氨基酸、矿物质等。 具有抗氧化、提神、助消化、降血脂等效果。
五柱茶,植物界,被子植物门,双子叶植物纲,侧膜胎座目,山茶科,山茶属,五柱茶,含有茶多酚、咖啡因、氨基酸、矿物质等。 具有抗氧化、提神、助消化、降血脂等效果。
紫果茶,植物界,被子植物门,双子叶植物纲,侧膜胎座目,山茶科,山茶属,紫果茶,含有茶多酚、咖啡因、氨基酸、矿物质等。 具有抗氧化、提神、助消化、降血脂等效果。
疏齿茶,植物界,被子植物门,双子叶植物纲,侧膜胎座目,山茶科,山茶属,疏齿茶,含有茶多酚、咖啡因、氨基酸、矿物质等。 具有抗氧化、提神、助消化、降血脂等效果。
滇山茶,植物界,被子植物门,双子叶植物纲,侧膜胎座目,山茶科,山茶属,滇山茶,通常含有茶多酚、氨基酸、维生素、矿物质等。有助于抗氧化、抗炎、保护心血管、美容养颜。
皱果茶,植物界,被子植物门,双子叶植物纲,侧膜胎座目,山茶科,山茶属,皱果茶,通常含有茶多酚、氨基酸、维生素、矿物质等。有助于抗氧化、抗炎、保护心血管、美容养颜。
圆基茶,植物界,被子植物门,双子叶植物纲,侧膜胎座目,山茶科,山茶属,圆基茶,通常含有茶多酚、氨基酸、维生素、矿物质等。有助于抗氧化、抗炎、保护心血管、美容养颜。
茶梅,植物界,被子植物门,双子叶植物纲,侧膜胎座目,山茶科,山茶属,茶梅,通常含有茶多酚、氨基酸、维生素、矿物质等。有助于抗氧化、抗炎、保护心血管、美容养颜。
南山茶,植物界,被子植物门,双子叶植物纲,侧膜胎座目,山茶科,山茶属,南山茶,通常含有茶多酚、氨基酸、维生素、矿物质等。有助于抗氧化、抗炎、保护心血管、美容养颜。
大厂茶,植物界,被子植物门,双子叶植物纲,侧膜胎座目,山茶科,山茶属,大厂茶,含有茶多酚、咖啡因、氨基酸、矿物质等。 具有抗氧化、提神、助消化、降血压等作用。
大理茶,植物界,被子植物门,双子叶植物纲,侧膜胎座目,山茶科,山茶属,大理茶,含有茶多酚、咖啡因、氨基酸、矿物质等。 具有抗氧化、提神、助消化、降血压等作用。
瘤果茶,植物界,被子植物门,双子叶植物纲,侧膜胎座目,山茶科,山茶属,瘤果茶,含有茶多酚、咖啡因、氨基酸、矿物质等。 具有抗氧化、提神、助消化、降血压等作用。
榕江茶,植物界,被子植物门,双子叶植物纲,侧膜胎座目,山茶科,山茶属,榕江茶,含有茶多酚、咖啡因、氨基酸、矿物质等。 具有抗氧化、提神、助消化、降血压等作用。
五柱滇山茶,植物界,被子植物门,双子叶植物纲,侧膜胎座目,山茶科,山茶属,五柱滇山茶,含有茶多酚、咖啡因、氨基酸、矿物质等。 具有抗氧化、提神、助消化、降血压等作用。
元江短蕊茶,植物界,被子植物门,双子叶植物纲,侧膜胎座目,山茶科,山茶属,元江短蕊茶,含有多种微量元素、茶多酚、氨基酸等。 具有清热解毒、抗氧化、抗疲劳等功效。
木果红山茶,植物界,被子植物门,双子叶植物纲,侧膜胎座目,山茶科,山茶属,木果红山茶,富含茶多酚、咖啡因、氨基酸、矿物质等。 有助于消化、降脂、抗氧化、提神等。
黄花短蕊茶,植物界,被子植物门,双子叶植物纲,侧膜胎座目,山茶科,山茶属,黄花短蕊茶,含有茶多酚、儿茶素、氨基酸、维生素等。 具有抗氧化、抗炎、降血压等作用。
文山毛蕊茶,植物界,被子植物门,双子叶植物纲,侧膜胎座目,山茶科,山茶属,文山毛蕊茶,富含茶多酚、氨基酸、维生素等。 具有抗氧化、抗衰老、保护心血管等功效。
滇缅离蕊茶,植物界,被子植物门,双子叶植物纲,侧膜胎座目,山茶科,山茶属,滇缅离蕊茶,一般含有茶多酚、氨基酸、维生素、矿物质等。 具有抗氧化、抗炎、保护心血管、美容养颜等作用。
绿萼连蕊茶,植物界,被子植物门,双子叶植物纲,侧膜胎座目,山茶科,山茶属,绿萼连蕊茶,富含茶多酚、氨基酸、维生素等。 具有抗氧化、抗衰老、保护心血管等功效。
长毛红山茶,植物界,被子植物门,双子叶植物纲,侧膜胎座目,山茶科,山茶属,长毛红山茶,含有茶多酚、咖啡因、氨基酸、维生素C、矿物质等。具有抗氧化、提神、助消化、降血压等作用。
越南油茶,植物界,被子植物门,双子叶植物纲,侧膜胎座目,山茶科,山茶属,越南油茶,含有茶多酚、咖啡因、氨基酸、维生素C、矿物质等。具有抗氧化、提神、助消化、降血压等作用。
单体红山茶,植物界,被子植物门,双子叶植物纲,侧膜胎座目,山茶科,山茶属,单体红山茶,含有茶多酚、咖啡因、氨基酸、维生素C、矿物质等。具有抗氧化、提神、助消化、降血压等作用。
东兴金花茶,植物界,被子植物门,双子叶植物纲,侧膜胎座目,山茶科,山茶属,东兴金花茶,含有茶多酚、咖啡因、氨基酸、维生素C、矿物质等。具有抗氧化、提神、助消化、降血压等作用。
东安红山茶,植物界,被子植物门,双子叶植物纲,侧膜胎座目,山茶科,山茶属,东安红山茶,含有茶多酚、咖啡因、氨基酸、维生素C、矿物质等。具有抗氧化、提神、助消化、降血压等作用。
细萼连蕊茶,植物界,被子植物门,双子叶植物纲,侧膜胎座目,山茶科,山茶属,细萼连蕊茶,含有多种氨基酸、茶多酚、维生素和矿物质。有助于抗氧化、抗炎、增强免疫力、保护心血管健康。
金屏连蕊茶,植物界,被子植物门,双子叶植物纲,侧膜胎座目,山茶科,山茶属,金屏连蕊茶,含有多种氨基酸、茶多酚、维生素和矿物质。有助于抗氧化、抗炎、增强免疫力、保护心血管健康。
云南连蕊茶,植物界,被子植物门,双子叶植物纲,侧膜胎座目,山茶科,山茶属,云南连蕊茶,含有多种氨基酸、茶多酚、维生素和矿物质。有助于抗氧化、抗炎、增强免疫力、保护心血管健康。
截叶连蕊茶,植物界,被子植物门,双子叶植物纲,侧膜胎座目,山茶科,山茶属,截叶连蕊茶,含有多种氨基酸、茶多酚、维生素和矿物质。有助于抗氧化、抗炎、增强免疫力、保护心血管健康。
棱果毛蕊茶,植物界,被子植物门,双子叶植物纲,侧膜胎座目,山茶科,山茶属,棱果毛蕊茶,富含茶多酚、咖啡因、氨基酸、维生素C等。 具有抗氧化、抗疲劳、促进新陈代谢、降低胆固醇等效果。
毛籽红山茶,植物界,被子植物门,双子叶植物纲,侧膜胎座目,山茶科,山茶属,毛籽红山茶,富含茶多酚、咖啡因、氨基酸、维生素C等。 具有抗氧化、抗疲劳、促进新陈代谢、降低胆固醇等效果。
毛枝连蕊茶,植物界,被子植物门,双子叶植物纲,侧膜胎座目,山茶科,山茶属,毛枝连蕊茶,富含茶多酚、咖啡因、氨基酸、维生素C等。 具有抗氧化、抗疲劳、促进新陈代谢、降低胆固醇等效果。
毛果山茶,植物界,被子植物门,双子叶植物纲,侧膜胎座目,山茶科,山茶属,毛果山茶,富含茶多酚、咖啡因、氨基酸、维生素C等。 具有抗氧化、抗疲劳、促进新陈代谢、降低胆固醇等效果。
毛丝连蕊茶,植物界,被子植物门,双子叶植物纲,侧膜胎座目,山茶科,山茶属,毛丝连蕊茶,含有多种微量元素、茶多酚、氨基酸等。 具有清热解毒、抗氧化、抗疲劳等功效。
三花连蕊茶,植物界,被子植物门,双子叶植物纲,侧膜胎座目,山茶科,山茶属,三花连蕊茶,富含茶多酚、咖啡因、氨基酸、矿物质等。 有助于消化、降脂、抗氧化、提神等。
南投秃连蕊茶,植物界,被子植物门,双子叶植物纲,侧膜胎座目,山茶科,山茶属,南投秃连蕊茶,含有茶多酚、儿茶素、氨基酸、维生素等。 具有抗氧化、抗炎、降血压等作用。
阿里山连蕊茶,植物界,被子植物门,双子叶植物纲,侧膜胎座目,山茶科,山茶属,阿里山连蕊茶,富含茶多酚、氨基酸、维生素等。 具有抗氧化、抗衰老、保护心血管等功效。
薄壳红山茶,植物界,被子植物门,双子叶植物纲,侧膜胎座目,山茶科,山茶属,薄壳红山茶,一般含有茶多酚、氨基酸、维生素、矿物质等。 具有抗氧化、抗炎、保护心血管、美容养颜等作用。
大姚短柱茶,植物界,被子植物门,双子叶植物纲,侧膜胎座目,山茶科,山茶属,大姚短柱茶,富含茶多酚、氨基酸、维生素等。 具有抗氧化、抗衰老、保护心血管等功效。
思茅短蕊茶,植物界,被子植物门,双子叶植物纲,侧膜胎座目,山茶科,山茶属,思茅短蕊茶,含有茶多酚、咖啡因、氨基酸、维生素C、矿物质等。具有抗氧化、提神、助消化、降血压等作用。
半宿萼茶,植物界,被子植物门,双子叶植物纲,侧膜胎座目,山茶科,山茶属,半宿萼茶,含有茶多酚、咖啡因、氨基酸、维生素C、矿物质等。具有抗氧化、提神、助消化、降血压等作用。
全缘红山茶,植物界,被子植物门,双子叶植物纲,侧膜胎座目,山茶科,山茶属,全缘红山茶,含有茶多酚、咖啡因、氨基酸、维生素C、矿物质等。具有抗氧化、提神、助消化、降血压等作用。
半秃连蕊茶,植物界,被子植物门,双子叶植物纲,侧膜胎座目,山茶科,山茶属,半秃连蕊茶,含有多种氨基酸、茶多酚、维生素和矿物质。有助于抗氧化、抗炎、增强免疫力、保护心血管健康。
肖长尖连蕊茶,植物界,被子植物门,双子叶植物纲,侧膜胎座目,山茶科,山茶属,肖长尖连蕊茶,含有多种氨基酸、茶多酚、维生素和矿物质。有助于抗氧化、抗炎、增强免疫力、保护心血管健康。
五室连蕊茶,植物界,被子植物门,双子叶植物纲,侧膜胎座目,山茶科,山茶属,五室连蕊茶,含有多种氨基酸、茶多酚、维生素和矿物质。有助于抗氧化、抗炎、增强免疫力、保护心血管健康。
斑枝红山茶,植物界,被子植物门,双子叶植物纲,侧膜胎座目,山茶科,山茶属,斑枝红山茶,含有多种氨基酸、茶多酚、维生素和矿物质。有助于抗氧化、抗炎、增强免疫力、保护心血管健康。
陕西短柱茶,植物界,被子植物门,双子叶植物纲,侧膜胎座目,山茶科,山茶属,陕西短柱茶,含有多种氨基酸、茶多酚、维生素和矿物质。有助于抗氧化、抗炎、增强免疫力、保护心血管健康。
粗毛红山茶,植物界,被子植物门,双子叶植物纲,侧膜胎座目,山茶科,山茶属,粗毛红山茶,富含茶多酚、咖啡因、氨基酸、维生素C等。 具有抗氧化、抗疲劳、促进新陈代谢、降低胆固醇等效果。
七瓣连蕊茶,植物界,被子植物门,双子叶植物纲,侧膜胎座目,山茶科,山茶属,七瓣连蕊茶,富含茶多酚、咖啡因、氨基酸、维生素C等。 具有抗氧化、抗疲劳、促进新陈代谢、降低胆固醇等效果。
怒江红山茶,植物界,被子植物门,双子叶植物纲,侧膜胎座目,山茶科,山茶属,怒江红山茶,富含茶多酚、咖啡因、氨基酸、维生素C等。 具有抗氧化、抗疲劳、促进新陈代谢、降低胆固醇等效果。
蚕蛹,动物界,节肢动物门,昆虫纲,鳞翅目,蚕蛾科,柞蚕属,柞蚕,蚕蛹含有丰富的蛋白质和多种氨基酸。
蝎子,动物界,节肢动物门,蛛形纲,蝎目,钳蝎科,钳蝎属,蝎,蝎子的营养成分包括蛋白质、脂肪、胆固醇、维生素E、维生素B2、烟酸、叶酸、磷、钾、镁、钙、铁、锌、硒、铜等。
东亚飞蝗,动物界,节肢动物门,昆虫纲,直翅目,蝗科,飞蝗属,东亚飞蝗,东亚飞蝗的营养成分包括蛋白质、脂肪、碳水化合物、微量元素等，其中蛋白质含量较高，具有较好的食用价值。
蚱蝉,动物界,节肢动物门,昆虫纲,半翅目,蝉科,蚱蝉属,蚱蝉,蚱蝉的若虫中蛋白质的含量为68.83%，脂肪含量为9.15%，不饱和脂肪酸占总脂肪酸的77.27%，含有17种氨基酸，9种矿物质元素。每100克若虫含蛋白质72克，为鸡蛋（11.8%）的6倍、瘦猪肉（16.7%）的4.3倍 。
鸣鸣蝉,动物界,节肢动物门,昆虫纲,半翅目,蝉科,蛁蟟属,鸣鸣蝉,鸣鸣蝉的若虫中蛋白质的含量为68.83%，脂肪含量为9.15%，不饱和脂肪酸占总脂肪酸的77.27%，含有17种氨基酸，9种矿物质元素。每100克若虫含蛋白质72克，为鸡蛋（11.8%）的6倍、瘦猪肉（16.7%）的4.3倍 。
蟪蛄,动物界,节肢动物门,昆虫纲,半翅目,蝉科,蟪蛄属,蟪蛄,含有丰富的蛋白质，是其主要营养成分之一。体内含有多种维生素，如维生素B群等。还含有一些矿物质，如钙、磷、铁等。
竹虫,动物界,节肢动物门,昆虫纲,鳞翅目,螟蛾科,禾草螟属,竹虫,竹虫含有蛋白质、脂肪、不饱和脂肪酸、碳水化合物等营养物质，以及维生素E、维生素K、维生素B2等多种维生素，还含有钙、钾、磷等多种矿物质成分 。
龙虱,动物界,节肢动物门,昆虫纲,鞘翅目,龙虱科,龙虱属,龙虱,龙虱的营养成分包括蛋白质、脂肪、碳水化合物、维生素和矿物质等。
斗蟋蟀,动物界,节肢动物门,昆虫纲,直翅目,蟋蟀科,斗蟋属,斗蟋蟀,含有一定的蛋白质、脂肪、维生素和矿物质等
九香虫,动物界,节肢动物门,昆虫纲,半翅目,蝽科,瓜蝽属,九香虫,九香虫含有丰富的蛋白质、脂肪酸等营养成分，具有多种药理作用
负子蝽,动物界,节肢动物门,昆虫纲,异翅目,负子蝽科,负子蝽属,负子蝽,含有丰富的蛋白质、维生素和矿物质。
天牛幼虫,动物界,节肢动物门,昆虫纲,鞘翅目,天牛科,天牛属,天牛,天牛幼虫具有高蛋白，高脂肪，含水率较高等特点，具有较高的营养价值
蜻蜓幼虫,动物界,节肢动物门,昆虫纲,蜻蜓目,蜓科,马大头属,蜻蜓,蜻蜓幼虫的营养成分包括高蛋白、低脂肪、氨基酸组成合理和富含矿质元素
豆天蛾幼虫,动物界,节肢动物门,昆虫纲,鳞翅目,天蛾科,豆天蛾属,豆天蛾,豆天蛾幼虫的营养成分包括粗蛋白含量为65.5%，必需氨基酸占总量氨基酸的52.84%，半必需氨基酸占9.70%，粗脂肪含量为23.68%，不饱和脂肪酸为64.17%，其中亚麻酸达36.53%
中华稻蝗,动物界,节肢动物门,昆虫纲,直翅目,蝗科,稻蝗属,中华稻蝗,中华稻蝗的营养成分包括蛋白质、脂肪、碳水化合物、微量元素等，其中蛋白质含量较高，具有较好的食用价值
蝼蛄,动物界,节肢动物门,昆虫纲,直翅目,蝼蛄科,蝼蛄属,蝼蛄,水分含量为6.08%，粗蛋白含量为66.33%，粗脂肪含量为1.05%，脂肪含量分别为20.11%和26.07%（不同提取方法），总氨基酸含量为54.87%，其中必需氨基酸含量为18.81%
柴虫,动物界,节肢动物门,昆虫纲,鞘翅目,天牛科,脊虎天牛属,咖啡灭字脊虎天牛,柴虫能够将木头转化为蛋白质和其他营养物质。蛋白质含量较高，含有多种氨基酸和其他营养素
蜂蛹,动物界,节肢动物门,昆虫纲,膜翅目,胡蜂科,胡蜂属,胡蜂,蜂蛹含有丰富的蛋白质、碳水化合物、脂肪、维生素和矿物质。蛋白质含量超过20%，维生素A的含量大大超过牛肉，维生素D超过鱼干油10倍，还包含多种维生素和微量元素如锌、铁、硒等
棕象甲,动物界,节肢动物门,昆虫纲,鞘翅目,竹象科,棕榈象属,棕象甲,含有一定量的蛋白质和脂肪，以及其他的微量元素。
中国林蛙,动物界,脊索动物门,两栖纲,无尾目,蛙科,林蛙属,中国林蛙,林蛙油是一种珍贵的滋补品，含有蛋白质、脂肪、维生素和微量元素。林蛙油中的脂肪酸、蛋白质、氨基酸、胆固醇等成分丰富，是一种健康的功效性产品
牛蛙,动物界,脊索动物门,两栖纲,无尾目,蛙科,蛙属,牛蛙,牛蛙的营养价值非常丰富，每100克蛙肉中含蛋白质19.9克，脂肪0.3克，是一种高蛋白质、低脂肪、低胆固醇的营养食品。牛蛙的内脏及其下脚料含有丰富的蛋白质，经水解，生成复合胺基酸
石蛙,动物界,脊索动物门,两栖纲,无尾目,叉舌蛙科,棘胸蛙属,棘胸蛙,石蛙是一种营养价值很高的食用蛙类，其肉质细嫩洁白，味道鲜美，含有丰富的蛋白质、多种维生素和矿物质。石蛙的营养成分包括蛋白质、脂肪、钙、磷、铁等，是一种高蛋白、低脂肪、低胆固醇的营养食品
虎纹蛙,动物界,脊索动物门,两栖纲,无尾目,叉舌蛙科,虎纹蛙属,虎纹蛙,虎纹蛙的肉含有高质量的蛋白质和必需氨基酸，以及丰富的微量元素。其肌肉中的营养成分丰富，包括蛋白质、脂肪、维生素和矿物质等
黑斑侧褶蛙,动物界,脊索动物门,两栖纲,无尾目,蛙科,侧褶蛙属,黑斑侧褶蛙,侧褶蛙的营养成分没有具体的数据，但作为两栖动物，其营养价值可能与其他蛙类类似，含有蛋白质、维生素和矿物质等
金线蛙,动物界,脊索动物门,两栖纲,无尾目,蛙科,侧褶蛙属,金线蛙,含有高质量的蛋白质和必需氨基酸，以及丰富的微量元素。其肌肉中的营养成分丰富，包括蛋白质、脂肪、维生素和矿物质等
泽蛙,动物界,脊索动物门,两栖纲,无尾目,陆蛙科,陆蛙属,泽蛙,含有较高的蛋白质和较低的脂肪，同时含有多种维生素和矿物质
峨眉树蛙,动物界,脊索动物门,两栖纲,无尾目,树蛙科,张树蛙属,峨眉树蛙,含有较高的蛋白质和较低的脂肪，同时含有多种维生素和矿物质
鲤鱼,动物界,脊索动物门,硬骨鱼纲,鲤形目,鲤科,鲤属,鲤,鲤鱼含有较高的蛋白质和不饱和脂肪酸，以及维生素A、D、E、K和B群维生素。每100克鲤鱼中大约含有17.8克蛋白质、5.6克脂肪、66毫克胆固醇
鲢鱼,动物界,脊索动物门,硬骨鱼纲,鲤形目,鲤科,鲢属,鲢,鲢鱼含有丰富的蛋白质、少量脂肪、维生素和矿物质。每100克鲢鱼中大约含有17.8克蛋白质、3.6克脂肪、99毫克胆固醇
鳙鱼,动物界,脊索动物门,硬骨鱼纲,鲤形目,鲤科,鳙属,鳙鱼,鳙鱼含有蛋白质、脂肪、钙、磷、铁、维生素B2、维生素C等。每100克鳙鱼中大约含有15.3克蛋白质、2.2克脂肪、112毫克胆固醇
花鲈,动物界,脊索动物门,硬骨鱼纲,鲈形目,花鲈科,花鲈属,花鲈,花鲈含有蛋白质、脂肪、钙、磷、铁、锌、硒等。每100克花鲈中大约含有18.6克蛋白质、3.4克脂肪、86毫克胆固醇
鳊鱼,动物界,脊索动物门,硬骨鱼纲,鲤形目,鲤科,鳊属,鳊鱼,鳊鱼含有丰富的蛋白质、磷和烟酸，不饱和脂肪酸含量高。每100克鳊鱼中大约含有18.6克蛋白质、3.4克脂肪、86毫克胆固醇
青鱼,动物界,脊索动物门,硬骨鱼纲,鲤形目,鲤科,青鱼属,青鱼,青鱼是一种高蛋白、低脂肪的食物，其蛋白质含量约为20.1%，脂肪含量约为4.2%。富含谷氨酸、天冬氨酸等呈鲜味成分
鳟鱼,动物界,脊索动物门,硬骨鱼纲,鲑形目,鲑科,鳟属,鳟鱼,鳟鱼含有丰富的蛋白质、脂肪、维生素A、维生素E、维生素B群、硒等。每100克鳟鱼中大约含有18.6克蛋白质、2.6克脂肪、102毫克胆固醇
环颈雉,动物界,脊索动物门,鸟纲,鸡形目,雉科,雉属,环颈雉,环颈雉的肌肉中含粗蛋白质、粗脂肪、肌苷酸、胆固醇、氨基酸和脂肪酸等。雉鸡胸肌中均含有17种水解氨基酸，含量最高的氨基酸分别为谷氨酸、天冬氨酸、赖氨酸和亮氨酸。总氨基酸含量为33.22％～37.26％，必需氨基酸与总氨基酸含量比值在0.40左右，必需氨基酸与非必需氨基酸的比值高于0.60。此外，雉鸡胸肌中检测到22种脂肪酸，黑化绿雉肌肉中的脂肪酸含量优于其他雉鸡
鲇鱼,动物界,脊索动物门,硬骨鱼纲,鲇形目,鲇科,鲇属,鲇,鲇鱼富含蛋白质、脂肪、钙、磷、锌、镁、铁、碘等营养成分。每100克鲇鱼中大约含有17.57克蛋白质、14.53克脂肪、69毫克胆固醇
鹧鸪,动物界,脊索动物门,鸟纲,鸡形目,雉科,鹧鸪属,鹧鸪,含有丰富的蛋白质，脂肪含量低，含有不饱和脂肪酸，同时含有一定的维生素和矿物质。
鼹鼠,动物界,脊索动物门,哺乳动物纲,劳亚食虫目,鼹科,鼹属,鼹鼠,含有丰富的蛋白质、脂肪和部分维生素和矿物质
乌金猪,动物界,脊索动物门,哺乳动物纲,偶蹄目,猪科,猪属,乌金猪,蛋白质含量较高。肌间脂肪6.8%，脂肪含量相对较低。含有钙、铁、锌等对人体有益的矿物质。含有多种维生素，有助于满足人体营养需求。
菜花蛇,动物界,脊索动物门,爬行纲,有鳞目,游蛇科,锦蛇属,王锦蛇,菜花蛇肉含有大量蛋白质，脂肪及碳水化合物及钙，磷，铁等盐类，还含有维生素A、B1、B2等。
乌梢蛇,动物界,脊索动物门,爬行纲,有鳞目,游蛇科,鼠蛇属,乌梢蛇,乌梢蛇全体含有17种氨基酸，其中包括赖氨酸、亮氨酸、天门冬氨酸等。乌梢蛇的脂肪酸成分包括亚油酸、棕榈酸、硬脂酸等。微量元素成分包括钙、铁、锌、铜等
灰鼠蛇,动物界,脊索动物门,爬行纲,有鳞目,游蛇科,鼠蛇属,灰鼠蛇,含有大量蛋白质，脂肪及碳水化合物及钙，磷，铁等盐类，还含有维生素A、B1、B2等。
水蛇,动物界,脊索动物门,爬行纲,有鳞目,游蛇科,锦蛇属,红点锦蛇,水蛇肉含有丰富的蛋白质、氨基酸、维生素和矿物质。其蛋白质中含人体必需的八种氨基酸，而胆固醇含量很低，对防治血管硬化有一定的作用。水蛇还含有丰富的营养成分，脂肪中含有亚油酸等成分
马鹿,动物界,脊索动物门,哺乳动物纲,偶蹄目,鹿科,鹿属,马鹿,鹿肉含有较丰富的蛋白质，其含量约为19.77%。鹿肉脂肪含量较低，大约为1.92%。鹿肉也含有一定量的无机盐、糖和维生素。
阿尔泰马鹿,动物界,脊索动物门,哺乳动物纲,偶蹄目,鹿科,鹿属,阿尔泰马鹿,鹿肉含有较丰富的蛋白质，其含量约为19.77%。鹿肉脂肪含量较低，大约为1.92%。鹿肉也含有一定量的无机盐、糖和维生素。
水鹿,动物界,脊索动物门,哺乳动物纲,偶蹄目,鹿科,水鹿属,水鹿,鹿肉含有较丰富的蛋白质，其含量约为19.77%。鹿肉脂肪含量较低，大约为1.92%。鹿肉也含有一定量的无机盐、糖和维生素。
白尾鹿,动物界,脊索动物门,哺乳动物纲,偶蹄目,鹿科,空齿鹿属,白尾鹿,鹿肉含有较丰富的蛋白质，其含量约为19.77%。鹿肉脂肪含量较低，大约为1.92%。鹿肉也含有一定量的无机盐、糖和维生素。
蜥蜴,动物界,脊索动物门,爬行纲,蜥蜴目,蜥蜴科,蜥蜴属,蜥蜴,含有丰富的的蛋白质、维生素和矿物质等
中华鳖,动物界,脊索动物门,爬行纲,龟鳖目,鳖科,中华鳖属,中华鳖,蛋白质含量较高，大约为14.9～17.4克每100克，含有人体所需的8种氨基酸及脂肪、维生素B17、不饱和脂肪酸、灰分、水分等。同样含有丰富的EPA和DHA，这些ω-3不饱和脂肪酸对大脑发育和心脑血管健康具有积极作用。还富含矿物元素，如钙、磷、铁等，对维持生命和正常新陈代谢至关重要。
草龟,动物界,脊索动物门,爬行纲,龟鳖目,龟科,拟水龟属,草龟,蛋白质含量较高，大约为14.9～17.4克每100克，含有人体所需的8种氨基酸及脂肪、维生素B17、不饱和脂肪酸、灰分、水分等。同样含有丰富的EPA和DHA，这些ω-3不饱和脂肪酸对大脑发育和心脑血管健康具有积极作用。还富含矿物元素，如钙、磷、铁等，对维持生命和正常新陈代谢至关重要。
巴西龟,动物界,脊索动物门,爬行纲,龟鳖目,泽龟科,彩龟属,红耳彩龟,巴西龟的营养成分包括蛋白质、脂肪、烟酸、维生素B1、B2等
黄喉拟水龟,动物界,脊索动物门,爬行纲,龟鳖目,龟科,拟水龟属,黄喉拟水龟,拟水龟的肌肉中蛋白质含量约为18.2%，脂肪含量相对较低，氨基酸组成与珍珠鳖相似，含有丰富的必需氨基酸
珍珠鳖,动物界,脊索动物门,爬行纲,龟鳖目,鳖科,滑鳖属,珍珠鳖,珍珠鳖的肉中水分含量较高，粗蛋白含量约为17.82%，粗脂肪含量较低，仅为0.42%。珍珠鳖肌肉中的氨基酸种类齐全，总氨基酸含量丰富，其中必需氨基酸含量较高，占总氨基酸的比例较大。此外，珍珠鳖的不饱和脂肪酸含量较高，特别是二十二碳六烯酸（DHA）和二十碳五烯酸（EPA）等多不饱和脂肪酸
三线闭壳龟,动物界,脊索动物门,爬行纲,龟鳖目,龟科,闭壳龟属,三线闭壳龟,蛋白质含量较高，大约为14.9～17.4克每100克，含有人体所需的8种氨基酸及脂肪、维生素B17、不饱和脂肪酸、灰分、水分等。同样含有丰富的EPA和DHA，这些ω-3不饱和脂肪酸对大脑发育和心脑血管健康具有积极作用。还富含矿物元素，如钙、磷、铁等，对维持生命和正常新陈代谢至关重要。
鳄龟,动物界,脊索动物门,爬行纲,龟鳖目,鳄龟科,鳄龟属,鳄龟,鳄龟肉中的蛋白质含量高达19.6%，含有18种氨基酸，其中包括人体必需的氨基酸，如赖氨酸，其含量特别丰富。鳄龟肉中的矿物元素丰富，如钠、钾、钙、铁、镁、硅、锌、磷等。特别是背甲中的钙质含量尤为丰富，对于维持骨骼健康和预防骨质疏松具有重要意义。鳄龟肉中含有多种维生素，尤其是维生素B6的含量较高，对人体健康有积极作用。鳄龟肉中含有较高的铁和硒等微量元素，有助于补血和抗氧化，对防癌治癌有积极作用。
中华鲟,动物界,脊索动物门,硬骨鱼纲,鲟形目,鲟科,鲟属,中华鲟,蛋白质含量非常丰富，大约为16.1%至18.1%，含有人体必需的多种氨基酸，其中包括赖氨酸、亮氨酸、异亮氨酸、蛋氨酸、苏氨酸、色氨酸及苯丙氨酸和缬氨酸。还富含高度不饱和脂肪酸，包括被称为“脑黄金”的DHA(二十二碳六烯酸)和EPA(二十碳五烯酸)，这些对心脑血管健康非常有益，可以帮助软化血管，促进大脑发育，提高记忆力。
西伯利亚鲟,动物界,脊索动物门,硬骨鱼纲,鲟形目,鲟科,鲟属,西伯利亚鲟,蛋白质含量非常丰富，大约为16.1%至18.1%，含有人体必需的多种氨基酸，其中包括赖氨酸、亮氨酸、异亮氨酸、蛋氨酸、苏氨酸、色氨酸及苯丙氨酸和缬氨酸。还富含高度不饱和脂肪酸，包括被称为“脑黄金”的DHA(二十二碳六烯酸)和EPA(二十碳五烯酸)，这些对心脑血管健康非常有益，可以帮助软化血管，促进大脑发育，提高记忆力。
达氏鲟,动物界,脊索动物门,硬骨鱼纲,鲟形目,鲟科,鲟属,长江鲟,蛋白质含量非常丰富，大约为16.1%至18.1%，含有人体必需的多种氨基酸，其中包括赖氨酸、亮氨酸、异亮氨酸、蛋氨酸、苏氨酸、色氨酸及苯丙氨酸和缬氨酸。还富含高度不饱和脂肪酸，包括被称为“脑黄金”的DHA(二十二碳六烯酸)和EPA(二十碳五烯酸)，这些对心脑血管健康非常有益，可以帮助软化血管，促进大脑发育，提高记忆力。
小体鲟,动物界,脊索动物门,硬骨鱼纲,鲟形目,鲟科,鲟属,小体鲟,蛋白质含量非常丰富，大约为16.1%至18.1%，含有人体必需的多种氨基酸，其中包括赖氨酸、亮氨酸、异亮氨酸、蛋氨酸、苏氨酸、色氨酸及苯丙氨酸和缬氨酸。还富含高度不饱和脂肪酸，包括被称为“脑黄金”的DHA(二十二碳六烯酸)和EPA(二十碳五烯酸)，这些对心脑血管健康非常有益，可以帮助软化血管，促进大脑发育，提高记忆力。
俄罗斯鲟,动物界,脊索动物门,硬骨鱼纲,鲟形目,鲟科,鲟属,俄罗斯鲟,蛋白质含量非常丰富，大约为16.1%至18.1%，含有人体必需的多种氨基酸，其中包括赖氨酸、亮氨酸、异亮氨酸、蛋氨酸、苏氨酸、色氨酸及苯丙氨酸和缬氨酸。还富含高度不饱和脂肪酸，包括被称为“脑黄金”的DHA(二十二碳六烯酸)和EPA(二十碳五烯酸)，这些对心脑血管健康非常有益，可以帮助软化血管，促进大脑发育，提高记忆力。
白鲟,动物界,脊索动物门,硬骨鱼纲,鲟形目,匙吻鲟科,白鲟属,白鲟,蛋白质含量非常丰富，大约为16.1%至18.1%，含有人体必需的多种氨基酸，其中包括赖氨酸、亮氨酸、异亮氨酸、蛋氨酸、苏氨酸、色氨酸及苯丙氨酸和缬氨酸。还富含高度不饱和脂肪酸，包括被称为“脑黄金”的DHA(二十二碳六烯酸)和EPA(二十碳五烯酸)，这些对心脑血管健康非常有益，可以帮助软化血管，促进大脑发育，提高记忆力。
闪光鲟,动物界,脊索动物门,硬骨鱼纲,鲟形目,鲟科,鲟属,闪光鲟,蛋白质含量非常丰富，大约为16.1%至18.1%，含有人体必需的多种氨基酸，其中包括赖氨酸、亮氨酸、异亮氨酸、蛋氨酸、苏氨酸、色氨酸及苯丙氨酸和缬氨酸。还富含高度不饱和脂肪酸，包括被称为“脑黄金”的DHA(二十二碳六烯酸)和EPA(二十碳五烯酸)，这些对心脑血管健康非常有益，可以帮助软化血管，促进大脑发育，提高记忆力。
裸腹鲟,动物界,脊索动物门,硬骨鱼纲,鲟形目,鲟科,鲟属,裸腹鲟,蛋白质含量非常丰富，大约为16.1%至18.1%，含有人体必需的多种氨基酸，其中包括赖氨酸、亮氨酸、异亮氨酸、蛋氨酸、苏氨酸、色氨酸及苯丙氨酸和缬氨酸。还富含高度不饱和脂肪酸，包括被称为“脑黄金”的DHA(二十二碳六烯酸)和EPA(二十碳五烯酸)，这些对心脑血管健康非常有益，可以帮助软化血管，促进大脑发育，提高记忆力。
史氏鲟,动物界,脊索动物门,硬骨鱼纲,鲟形目,鲟科,鲟属,史氏鲟,蛋白质含量非常丰富，大约为16.1%至18.1%，含有人体必需的多种氨基酸，其中包括赖氨酸、亮氨酸、异亮氨酸、蛋氨酸、苏氨酸、色氨酸及苯丙氨酸和缬氨酸。还富含高度不饱和脂肪酸，包括被称为“脑黄金”的DHA(二十二碳六烯酸)和EPA(二十碳五烯酸)，这些对心脑血管健康非常有益，可以帮助软化血管，促进大脑发育，提高记忆力。
尼罗鳄,动物界,脊索动物门,爬行纲,鳄目,鳄科,鳄属,尼罗鳄,鳄鱼肉是蛋白质的优质来源，每100克鳄鱼肉中蛋白质含量约为17.80克。含有人体必需的多种氨基酸，其中包括赖氨酸、亮氨酸、蛋氨酸等。鳄鱼肉中的脂肪酸组成均衡，含有对心脑血管有益的单不饱和脂肪酸（MUFA）和多不饱和脂肪酸（PUFA），如ω-3和ω-6脂肪酸。鳄鱼肉含有多种维生素（如维生素A、E、B12）和矿物质（如钙、磷、铁、锌），其中维生素B12和锌的含量尤其丰富，有助于支持免疫系统和皮肤健康。鳄鱼肉中的胶原蛋白含量较高。
湾鳄,动物界,脊索动物门,爬行纲,鳄目,鳄科,鳄属,湾鳄,鳄鱼肉是蛋白质的优质来源，每100克鳄鱼肉中蛋白质含量约为17.80克。含有人体必需的多种氨基酸，其中包括赖氨酸、亮氨酸、蛋氨酸等。鳄鱼肉中的脂肪酸组成均衡，含有对心脑血管有益的单不饱和脂肪酸（MUFA）和多不饱和脂肪酸（PUFA），如ω-3和ω-6脂肪酸。鳄鱼肉含有多种维生素（如维生素A、E、B12）和矿物质（如钙、磷、铁、锌），其中维生素B12和锌的含量尤其丰富，有助于支持免疫系统和皮肤健康。鳄鱼肉中的胶原蛋白含量较高。
大鲵,动物界,脊索动物门,两栖纲,有尾目,隐鳃鲵科,大鲵属,大鲵,大鲵肌肉和皮肤中蛋白质含量丰富，占其干重的90%以上，含有人体必需的多种氨基酸，是优质蛋白质的来源。大鲵肌肉中的氨基酸种类齐全，其中8种必需氨基酸占总氨基酸的比例高达44.40%。大鲵脂肪中的不饱和脂肪酸比例高，特别是二十二碳六烯酸（DHA）等多不饱和脂肪酸含量丰富，对心脑血管健康有益。大鲵肌肉及皮肤中含有多种矿物元素，如钙、磷、钾、钠、镁、锌、铁、铜、锰、硒等，其中硒的含量达到富硒标准，对增强人体免疫力有积极作用。大鲵皮肤中含有大量的胶原蛋白及明胶，对皮肤健康和美容有积极效果。大鲵体内含有的活性肽和多聚糖肽等功能性成分，具有调节免疫、降低血压血脂、改善眼角内膜、缓解疲劳等功效。
鳗鱼,动物界,脊索动物门,硬骨鱼纲,鳗鲡目,鳗鲡科,鳗鲡属,鳗鱼,具有丰富的蛋白质和脂肪，含有维生素a、维生素b、维生素b12和维生素d，还含有DHA和EPA，钙、磷、铁等矿物质。
泥鳅,动物界,脊索动物门,硬骨鱼纲,鲤形目,鳅科,泥鳅属,泥鳅,蛋白质：20.8克，脂肪：3.9克，胆固醇：136毫克，钠：57.8毫克，硒：33.6微克
黄鳝,动物界,脊索动物门,辐鳍鱼纲,合鳃鱼目,合鳃鱼科,黄鳝属,黄鳝,蛋白质：18.0克，脂肪：1.4克，胆固醇：126毫克，钠：70毫克，硒：34.6微克
黄颡鱼,动物界,脊索动物门,辐鳍鱼纲,鲇形目,鲿科,黄颡鱼属,黄颡鱼,蛋白质含量丰富，钙、磷、钾、钠、镁等矿物元素含量高，药用价值高
黑鱼,动物界,脊索动物门,辐鳍鱼纲,鲈形目,鳢科,鳢属,乌鳢,蛋白质：18.5克，脂肪：1.2克，胆固醇：91毫克，钠：49毫克，硒：24.6微克
鲳鱼,动物界,脊索动物门,辐鳍鱼纲,鲈形目,鲳科,鲳属,鲳鱼,蛋白质：18.5克，脂肪：7.3克，胆固醇：77毫克，钠：62毫克，硒：27.2微克
鲂鱼,动物界,脊索动物门,硬骨鱼纲,鲤形目,鲤科,鳊属,鲂鱼,蛋白质：19.6克，脂肪：4.2克，胆固醇：55毫克，钠：110毫克，镁：34毫克，磷：200毫克
罗非鱼,动物界,脊索动物门,辐鳍鱼纲,鲈形目,丽鲷科,罗非鱼属,罗非鱼,蛋白质：18.4克，脂肪：1.5克，胆固醇：78毫克，钠：20毫克，硒：22.6微克
鲥鱼,动物界,脊索动物门,硬骨鱼纲,鲱形目,鲱科,鲥属,鲥鱼,含有丰富的蛋白质、脂肪、核黄素、尼克酸及钙、磷、铁。脂肪含量高，富含不饱和脂肪酸，有助于降低胆固醇
鳓鱼,动物界,脊索动物门,硬骨鱼纲,鲱形目,锯腹鳓科,鳓属,鳓鱼,蛋白质、脂肪、维生素B1、B2和烟酸、钙、磷、铁等成分丰富。富含不饱和脂肪酸，有助于降低胆固醇
黄花鱼,动物界,脊索动物门,硬骨鱼纲,鲈形目,石首鱼科,黄鱼属,黄花鱼,蛋白质：17.9克，脂肪：3.0克，胆固醇：74毫克，钠：103毫克，硒：55.2微克
带鱼,动物界,脊索动物门,硬骨鱼纲,鲈形目,带鱼科,带鱼属,带鱼,蛋白质：17.7克，脂肪：4.9克，胆固醇：76毫克，钠：150毫克，硒：36.6微克
狗獾,动物界,脊索动物门,哺乳纲,食肉目,鼬科,狗獾属,狗獾,含有蛋白质、维生素B群、维生素E、钙、铁等营养物质
猪獾,动物界,脊索动物门,哺乳纲,食肉目,鼬科,猪獾属,猪獾,猪獾肉含有蛋白质、维生素B群、维生素E、钙、铁等营养物质
黄鼬,动物界,脊索动物门,哺乳纲,食肉目,鼬科,鼬属,黄鼬,含有蛋白质、脂肪、维生素和矿物质等营养成分
竹鼠,动物界,脊索动物门,哺乳纲,啮齿目,竹鼠科,竹鼠属,竹鼠,营养成分包括粗蛋白质57.78%，粗脂肪20.54%，炭份17.36%，粗纤维0.84%，水分3.84%，还富含磷、钙、维生素E及氨基酸，其中赖氨酸、亮氨酸、蛋氨酸的含量比常见家禽家畜要高
中华鼢鼠,动物界,脊索动物门,哺乳纲,啮齿目,仓鼠科,鼢鼠属,中华鼢鼠,含有较丰富的蛋白质，同时富含一些矿物质和维生素。
麝鼠,动物界,脊索动物门,哺乳纲,啮齿目,仓鼠科,麝鼠属,麝鼠,蛋白质含量约为20.1%，脂肪含量仅有3.9%，矿物质丰富，肉质细嫩
野牦牛,动物界,脊索动物门,哺乳纲,偶蹄目,牛科,牛属,牦牛,是一种高蛋白、低脂肪的肉类，含有丰富的氨基酸、维生素B群、铁、锌和磷。
黄牛,动物界,脊索动物门,哺乳纲,偶蹄目,牛科,牛属,黄牛,是一种高蛋白、低脂肪的肉类，含有丰富的氨基酸、维生素B群、铁、锌和磷。
藏绵羊,动物界,脊索动物门,哺乳纲,偶蹄目,牛科,绵羊属,藏绵羊,含有高质量的蛋白质和必需氨基酸，同时也含有维生素B群、铁、锌和磷等矿物质。羊肉中的脂肪含有较高的饱和脂肪酸，但同时也提供必需的脂肪酸
藏野驴,动物界,脊索动物门,哺乳纲,奇蹄目,马科,马属,藏野驴,高蛋白、高必需氨基酸、高必需脂肪酸；低脂肪、低胆固醇、低热量。驴肉的氨基酸和脂肪酸组成理想，矿物元素中铁的含量明显高于其他畜禽肉
岩羊,动物界,脊索动物门,哺乳纲,偶蹄目,牛科,岩羊属,岩羊,含有高质量的蛋白质和必需氨基酸，同时也含有维生素B群、铁、锌和磷等矿物质。羊肉中的脂肪含有较高的饱和脂肪酸，但同时也提供必需的脂肪酸
蚂蚁,动物界,节肢动物门,昆虫纲,膜翅目,蚁科,蚁属,蚂蚁,蛋白质含量非常高，含有多种人体必需的氨基酸，其中包括28种游离氨基酸。蚂蚁中含有丰富的维生素，包括维生素B1、B2、B12、C、D、E等。蚂蚁含有钙、铁、磷、锰、硒、锌等20多种微量元素，特别是锌的含量非常丰富，每千克含锌量达到120-198毫克。蚂蚁还含有三萜类化合物、蚁酸、三磷酸腺苷（ATP）以及草体蚁醛、白细胞介素-2等多种生物活性物质
野骆驼,动物界,脊索动物门,哺乳纲,偶蹄目,骆驼科,骆驼属,野骆驼,其肉含有蛋白质、脂肪、维生素和矿物质等常见于其他肉类的营养成分。骆驼乳则被认为具有高营养价值，含有乳铁蛋白、氨基酸、不饱和脂肪酸、维生素C、维生素E、镁等营养成分，具有抗氧化、治疗糖尿病、免疫调节、保肝等多种生物活性
鸵鸟,动物界,脊索动物门,鸟纲,鸵鸟目,鸵鸟科,鸵鸟属,鸵鸟,被认为是一种高蛋白、低脂肪、低胆固醇、低热量的食材。鸵鸟肉的蛋白质含量约为21.8g/100g，而脂肪含量仅为1.9g/100g。它还含有丰富的铁、钙、锌、硒等矿物质，以及27种人体必需的氨基酸。
鸸鹋,动物界,脊索动物门,鸟纲,鹤鸵目,鸸鹋科,鸸鹋属,鸸鹋,鸸鹋蛋营养丰富，胆固醇含量较低，富含胶原蛋白和多种微量元素。鸸鹋肉的蛋白质含量较高，脂肪含量较低，适合作为健康食品。当然也含有维生素和矿物质等一些成分。
罗氏沼虾,动物界,节肢动物门,软甲纲,十足目,长臂虾科,沼虾属,罗氏沼虾,含有丰富的蛋白质，胆固醇含量较高，但同时也含有丰富的能降低人体血清胆固醇的牛磺酸。含有丰富的钾、碘、镁、磷等微量元素。同时含有维生素A、维生素E、维生素B1、维生素B2和烟酸等。
贪食沼虾,动物界,节肢动物门,软甲纲,十足目,长臂虾科,沼虾属,贪食沼虾,含有丰富的蛋白质，胆固醇含量较高，但同时也含有丰富的能降低人体血清胆固醇的牛磺酸。含有丰富的钾、碘、镁、磷等微量元素。同时含有维生素A、维生素E、维生素B1、维生素B2和烟酸等。
秀丽白虾,动物界,节肢动物门,软甲纲,十足目,长臂虾科,白虾属,秀丽白虾,含有丰富的蛋白质，胆固醇含量较高，但同时也含有丰富的能降低人体血清胆固醇的牛磺酸。含有丰富的钾、碘、镁、磷等微量元素。同时含有维生素A、维生素E、维生素B1、维生素B2和烟酸等。
青虾,动物界,节肢动物门,软甲纲,十足目,长臂虾科,沼虾属,青虾,含有丰富的蛋白质，胆固醇含量较高，但同时也含有丰富的能降低人体血清胆固醇的牛磺酸。含有丰富的钾、碘、镁、磷等微量元素。同时含有维生素A、维生素E、维生素B1、维生素B2和烟酸等。
刺足仿匙虾,动物界,节肢动物门,软甲纲,十足目,匙指虾科,仿匙虾属,刺足仿匙虾,含有丰富的蛋白质，胆固醇含量较高，但同时也含有丰富的能降低人体血清胆固醇的牛磺酸。含有丰富的钾、碘、镁、磷等微量元素。同时含有维生素A、维生素E、维生素B1、维生素B2和烟酸等。
河蟹,动物界,节肢动物门,软甲纲,十足目,弓蟹科,绒螯蟹属,河蟹,含有丰富的蛋白质，含有丰富的维生素A、维生素E和B族维生素。含有丰富的钙、磷、钾、钠、镁、硒等，尤其是硒的含量较高，可达每百克56.7微克。同时还含有一定量的碳水化合物、膳食纤维、胆固醇和多种氨基酸。
幽灵虾,动物界,节肢动物门,软甲纲,十足目,长臂虾科,长臂虾属,幽灵虾,含有丰富的蛋白质，胆固醇含量较高，但同时也含有丰富的能降低人体血清胆固醇的牛磺酸。含有丰富的钾、碘、镁、磷等微量元素。同时含有维生素A、维生素E、维生素B1、维生素B2和烟酸等。
中华新米虾,动物界,节肢动物门,软甲纲,十足目,匙指虾科,新米虾属,中华新米虾,含有丰富的蛋白质，胆固醇含量较高，但同时也含有丰富的能降低人体血清胆固醇的牛磺酸。含有丰富的钾、碘、镁、磷等微量元素。同时含有维生素A、维生素E、维生素B1、维生素B2和烟酸等。
锯齿华溪蟹,动物界,节肢动物门,软甲纲,十足目,溪蟹科,华溪蟹属,锯齿华溪蟹,含有丰富的蛋白质，含有丰富的维生素A、维生素E和B族维生素。含有丰富的钙、磷、钾、钠、镁、硒等，尤其是硒的含量较高，可达每百克56.7微克。同时还含有一定量的碳水化合物、膳食纤维、胆固醇和多种氨基酸。
毛足溪蟹,动物界,节肢动物门,软甲纲,十足目,溪蟹科,溪蟹属,毛足溪蟹,含有丰富的蛋白质，含有丰富的维生素A、维生素E和B族维生素。含有丰富的钙、磷、钾、钠、镁、硒等，尤其是硒的含量较高，可达每百克56.7微克。同时还含有一定量的碳水化合物、膳食纤维、胆固醇和多种氨基酸。
猞猁,动物界,脊索动物门,哺乳纲,食肉目,猫科,猞猁属,欧亚猞猁,含有蛋白质、脂肪、维生素和矿物质等常见于其他肉类的营养成分。
雪豹,动物界,脊索动物门,哺乳纲,食肉目,猫科,豹属,雪豹,含有蛋白质、脂肪、维生素和矿物质等常见于其他肉类的营养成分。
雪鸡,动物界,脊索动物门,鸟纲,鸡形目,雉科,雪鸡属,雪鸡,含有丰富的脂肪和蛋白质。含有多种维生素，如维生素B群（包括维生素B1、维生素B2、烟酸等）、维生素E。含有铁、锌、磷、钾、硒等矿物质。
马骡,动物界,脊索动物门,哺乳纲,奇蹄目,马科,马属,马骡,具有丰富的蛋白质，脂肪含量较低
田螺,动物界,软体动物门,腹足纲,中腹足目,田螺科,圆田螺属,中华圆田螺,螺肉的蛋白质含量较高，含有人体必需的多种氨基酸，其中包括谷氨酸等呈味氨基酸，含有丰富的钙、磷、铁、锌等矿物质，含有多种维生素，如维生素A、维生素E，以及B族维生素中的维生素B1、维生素B2和烟酸等，同时还包括碳水化合物、粗灰分等。
锥螺,动物界,软体动物门,腹足纲,中腹足目,锥螺科,锥螺属,锥螺,螺肉的蛋白质含量较高，含有人体必需的多种氨基酸，其中包括谷氨酸等呈味氨基酸，含有丰富的钙、磷、铁、锌等矿物质，含有多种维生素，如维生素A、维生素E，以及B族维生素中的维生素B1、维生素B2和烟酸等，同时还包括碳水化合物、粗灰分等。
响螺,动物界,软体动物门,腹足纲,狭舌目,蛾螺科,香螺属,香螺,螺肉的蛋白质含量较高，含有人体必需的多种氨基酸，其中包括谷氨酸等呈味氨基酸，含有丰富的钙、磷、铁、锌等矿物质，含有多种维生素，如维生素A、维生素E，以及B族维生素中的维生素B1、维生素B2和烟酸等，同时还包括碳水化合物、粗灰分等。
石螺,动物界,软体动物门,腹足纲,中腹足目,田螺科,环棱螺属,石螺,螺肉的蛋白质含量较高，含有人体必需的多种氨基酸，其中包括谷氨酸等呈味氨基酸，含有丰富的钙、磷、铁、锌等矿物质，含有多种维生素，如维生素A、维生素E，以及B族维生素中的维生素B1、维生素B2和烟酸等，同时还包括碳水化合物、粗灰分等。
耳河螺,动物界,软体动物门,腹足纲,中腹足目,田螺科,河螺属,河螺,螺肉的蛋白质含量较高，含有人体必需的多种氨基酸，其中包括谷氨酸等呈味氨基酸，含有丰富的钙、磷、铁、锌等矿物质，含有多种维生素，如维生素A、维生素E，以及B族维生素中的维生素B1、维生素B2和烟酸等，同时还包括碳水化合物、粗灰分等。
福寿螺,动物界,软体动物门,腹足纲,中腹足目,瓶螺科,瓶螺属,福寿螺,螺肉的蛋白质含量较高，含有人体必需的多种氨基酸，其中包括谷氨酸等呈味氨基酸，含有丰富的钙、磷、铁、锌等矿物质，含有多种维生素，如维生素A、维生素E，以及B族维生素中的维生素B1、维生素B2和烟酸等，同时还包括碳水化合物、粗灰分等。
扁螺,动物界,软体动物门,腹足纲,中腹足目,扁螺科,扁螺属,扁螺,螺肉的蛋白质含量较高，含有人体必需的多种氨基酸，其中包括谷氨酸等呈味氨基酸，含有丰富的钙、磷、铁、锌等矿物质，含有多种维生素，如维生素A、维生素E，以及B族维生素中的维生素B1、维生素B2和烟酸等，同时还包括碳水化合物、粗灰分等。
盘螺,动物界,软体动物门,腹足纲,中腹足目,盘螺科,盘螺属,盘螺,螺肉的蛋白质含量较高，含有人体必需的多种氨基酸，其中包括谷氨酸等呈味氨基酸，含有丰富的钙、磷、铁、锌等矿物质，含有多种维生素，如维生素A、维生素E，以及B族维生素中的维生素B1、维生素B2和烟酸等，同时还包括碳水化合物、粗灰分等。
沼螺,动物界,软体动物门,腹足纲,中腹足目,豆螺科,沼螺属,沼螺,螺肉的蛋白质含量较高，含有人体必需的多种氨基酸，其中包括谷氨酸等呈味氨基酸，含有丰富的钙、磷、铁、锌等矿物质，含有多种维生素，如维生素A、维生素E，以及B族维生素中的维生素B1、维生素B2和烟酸等，同时还包括碳水化合物、粗灰分等。
灰狼,动物界,脊索动物门,哺乳纲,食肉目,犬科,犬属,狼,含有蛋白质、脂肪、维生素和矿物质等常见于其他肉类的营养成分。
豺,动物界,脊索动物门,哺乳纲,食肉目,犬科,豺属,豺,含有蛋白质、脂肪、维生素和矿物质等常见于其他肉类的营养成分。
红颊獴,动物界,脊索动物门,哺乳纲,食肉目,獴科,獴属,红颊獴,含有蛋白质、脂肪、维生素和矿物质等常见于其他肉类的营养成分。
郊狼,动物界,脊索动物门,哺乳纲,食肉目,犬科,犬属,郊狼,含有蛋白质、脂肪、维生素和矿物质等常见于其他肉类的营养成分。
藏狐,动物界,脊索动物门,哺乳纲,食肉目,犬科,狐属,藏狐,包括蛋白质、脂肪、多种矿物质等。被认为具有补虚暖中、解疮毒的功效
乌苏里貉,动物界,脊索动物门,哺乳纲,食肉目,犬科,貉属,貉,含有蛋白质、脂肪、维生素和矿物质等常见于其他肉类的营养成分。
芦花鸡,动物界,脊索动物门,鸟纲,鸡形目,雉科,原鸡属,家鸡,含有丰富的脂肪和蛋白质。含有多种维生素，如维生素B群（包括维生素B1、维生素B2、烟酸等）、维生素E。含有铁、锌、磷、钾、硒等矿物质。
雪兔,动物界,脊索动物门,哺乳纲,兔形目,兔科,兔属,雪兔,含有丰富的蛋白质和较低的脂肪含量。同时赖氨酸含量高，还提供了多种维生素和矿物质，如维生素B1、维生素B2、烟酸、磷、钾、镁、铁和锌等。
高原兔,动物界,脊索动物门,哺乳纲,兔形目,兔科,兔属,高原兔,含有丰富的蛋白质和较低的脂肪含量。同时赖氨酸含量高，还提供了多种维生素和矿物质，如维生素B1、维生素B2、烟酸、磷、钾、镁、铁和锌等。
蓝孔雀,动物界,脊索动物门,鸟纲,鸡形目,雉科,孔雀属,蓝孔雀,不仅蛋白质含量高、质量优，还含有丰富的无机元素及微量元素，如锌、铝、镁、磷、铁、铜、钙等。孔雀肝中的维生素A、维生素E、维生素B2含量远远超过人们日常食用的鸡肝。同时蓝孔雀的骨骼也是营养价值高的食材，骨钙含量高达20%，磷为9%，钙磷比为2.1：1，优于牛奶的钙磷比，与母乳钙磷比例相近，是优质钙营养源。
麻雀,动物界,脊索动物门,鸟纲,雀形目,雀科,麻雀属,麻雀,含有丰富的优质蛋白质、卵磷脂、脑磷脂、维生素A、维生素D、维生素B1、维生素B2，以及铁、磷、钙等矿物质
亚洲蓝龙虾,动物界,节肢动物门,软甲纲,十足目,龙虾科,龙虾属,亚洲蓝龙虾,含有丰富的蛋白质和较低的脂肪含量，含有丰富的维生素E、维生素B群，如维生素B1、维生素B2和烟酸，以及矿物质如磷、钾、镁、钙、铁和锌等
欧洲蓝龙虾,动物界,节肢动物门,软甲纲,十足目,龙虾科,龙虾属,欧洲蓝龙虾,含有丰富的蛋白质和较低的脂肪含量，含有丰富的维生素E、维生素B群，如维生素B1、维生素B2和烟酸，以及矿物质如磷、钾、镁、钙、铁和锌等
喜鹊,动物界,脊索动物门,鸟纲,雀形目,鸦科,鹊属,喜鹊,含有丰富的蛋白质、脂肪、多种氨基酸等营养成分，富含维生素a、维生素c、维生素e、维生素b族以及丰富的铁元素。
非洲疣猪,动物界,脊索动物门,哺乳纲,偶蹄目,猪科,疣猪属,非洲疣猪,含有蛋白质、脂肪、b族维生素等营养成分。
红河野猪,动物界,脊索动物门,哺乳纲,偶蹄目,猪科,非洲野猪属,红河野猪,蛋白质含量极高，肉中含有丰富的亚油酸，同时富含多种微量元素和维生素，如维生素B族、VA、VE以及钙、磷、锌、铁、铜等矿物质
婆罗洲须猪,动物界,脊索动物门,哺乳纲,偶蹄目,猪科,猪属,婆罗洲须猪,营养成分主要包括蛋白质、脂肪、矿物质和维生素等，是B族维生素和矿物质的良好来源，包括磷、铁和锌，特别是含有维生素B1（硫胺素）、维生素B2（核黄素）和烟酸。。蛋白质含量大约在20%左右，含有人体必需的所有氨基酸，是高质量的蛋白质来源。
普氏野马,动物界,脊索动物门,哺乳纲,奇蹄目,马科,马属,普氏野马,马肉含有丰富蛋白质、维生素及钙、磷、铁、镁、锌、硒等矿物质，其脂肪的质量优于牛、羊、猪的脂肪，马肉脂肪近似于植物油，其含有的不饱和脂肪酸可溶解掉胆固醇，使其不能在血管壁上沉积，对预防动脉硬化有特殊作用。
亚洲野象,动物界,脊索动物门,哺乳纲,长鼻目,象科,亚洲象属,亚洲象,主要含蛋白质外，尚有脂肪、碳水化物(如糖原)、有机酸、非蛋白性含氮物质(如肌酸(creatine)和无机盐等。脂肪组织的三甘油脂含棕桐酸(palmitic acid)极高。蛋白质主力肌球蛋白(myosin)、肌动蛋白(actin)、原肌球蛋白(tropomyoglobin)、 肌动球蛋白(actomyosin)、清蛋白(albumin)、肌红蛋白(myoglobin)、血红蛋白(hemoglobin)。其所含维生素比一般温带动物的肉丰富得多。
非洲野象,动物界,脊索动物门,哺乳纲,长鼻目,象科,非洲象属,非洲象,主要含蛋白质外，尚有脂肪、碳水化物(如糖原)、有机酸、非蛋白性含氮物质(如肌酸(creatine)和无机盐等。脂肪组织的三甘油脂含棕桐酸(palmitic acid)极高。蛋白质主力肌球蛋白(myosin)、肌动蛋白(actin)、原肌球蛋白(tropomyoglobin)、 肌动球蛋白(actomyosin)、清蛋白(albumin)、肌红蛋白(myoglobin)、血红蛋白(hemoglobin)。其所含维生素比一般温带动物的肉丰富得多。
珠颈斑鸠,动物界,脊索动物门,鸟纲,鸽形目,鸠鸽科,斑鸠属,珠颈斑鸠,斑鸠肉富含蛋白质，是肉类中蛋白质含量较丰富的种类之一。斑鸠肉脂肪含量极低，是一种低脂肪高蛋白的优质食材。富含维A、维B1、维B2、维E等多种维生素。含有多种造血用的微量元素，如铁、锌等。
欧斑鸠,动物界,脊索动物门,鸟纲,鸽形目,鸠鸽科,斑鸠属,欧斑鸠,斑鸠肉富含蛋白质，是肉类中蛋白质含量较丰富的种类之一。斑鸠肉脂肪含量极低，是一种低脂肪高蛋白的优质食材。富含维A、维B1、维B2、维E等多种维生素。含有多种造血用的微量元素，如铁、锌等。
山斑鸠,动物界,脊索动物门,鸟纲,鸽形目,鸠鸽科,斑鸠属,山斑鸠,斑鸠肉富含蛋白质，是肉类中蛋白质含量较丰富的种类之一。斑鸠肉脂肪含量极低，是一种低脂肪高蛋白的优质食材。富含维A、维B1、维B2、维E等多种维生素。含有多种造血用的微量元素，如铁、锌等。
灰斑鸠,动物界,脊索动物门,鸟纲,鸽形目,鸠鸽科,斑鸠属,灰斑鸠,斑鸠肉富含蛋白质，是肉类中蛋白质含量较丰富的种类之一。斑鸠肉脂肪含量极低，是一种低脂肪高蛋白的优质食材。富含维A、维B1、维B2、维E等多种维生素。含有多种造血用的微量元素，如铁、锌等。
滑鼠蛇,动物界,脊索动物门,爬行纲,蛇目,游蛇科,鼠蛇属,滑鼠蛇,滑鼠蛇肉含有多种蛋白质和氨基酸，是优质蛋白质的来源之一。脂肪含量适中，且含有对人体有益的不饱和脂肪酸。含有丰富的钙、磷、铁等矿物质元素，有助于骨骼健康和血液生成。
大额牛,动物界,脊索动物门,哺乳纲,偶蹄目,牛科,牛属,大额牛,牛肉是优质蛋白质的来源，蛋白质含量较高，通常超过20%。牛肉中的脂肪含量适中，且含有对人体有益的不饱和脂肪酸。富含维A 、维B 群、维D 等维生素。含有丰富的钙、磷、铁等矿物质元素，有助于骨骼健康和血液生成。牛肉还含有丰富的氨基酸，是人体必需的营养素之一。
瘤牛,动物界,脊索动物门,哺乳纲,偶蹄目,牛科,家牛属,瘤牛,牛肉是优质蛋白质的来源，蛋白质含量较高，通常超过20%。牛肉中的脂肪含量适中，且含有对人体有益的不饱和脂肪酸。富含维A 、维B 群、维D 等维生素。含有丰富的钙、磷、铁等矿物质元素，有助于骨骼健康和血液生成。牛肉还含有丰富的氨基酸，是人体必需的营养素之一。
水牛,动物界,脊索动物门,哺乳纲,偶蹄目,牛科,水牛属,水牛,牛肉是优质蛋白质的来源，蛋白质含量较高，通常超过20%。牛肉中的脂肪含量适中，且含有对人体有益的不饱和脂肪酸。富含维A 、维B 群、维D 等维生素。含有丰富的钙、磷、铁等矿物质元素，有助于骨骼健康和血液生成。牛肉还含有丰富的氨基酸，是人体必需的营养素之一。
石岐鸽,动物界,脊索动物门,鸟纲,鸽形目,鸠鸽科,鸽属,石岐鸽,优质蛋白质的良好来源，每100克鸽肉约含27克蛋白质。富含维生素B1、B2、B3和B6等，对能量代谢和神经系统功能有重要作用。铁、锌、硒和磷等矿物质丰富，有助于维持身体正常功能。脂肪含量较低，但胆固醇含量较高，需适量食用。
狐蝠,动物界,脊索动物门,哺乳纲,翼手目,狐蝠科,狐蝠属,狐蝠,脂肪，蛋白质含量较少，含有一定的维生素和矿物质
果蝠,动物界,脊索动物门,哺乳纲,翼手目,狐蝠科,果蝠属,果蝠,脂肪，蛋白质含量较少，含有一定的维生素和矿物质
驯鹿,动物界,脊索动物门,哺乳纲,偶蹄目,鹿科,驯鹿属,驯鹿,脂肪，蛋白质含量较少，含有一定的维生素和矿物质。高质量，是优质蛋白质的来源。低脂肪、低胆固醇，有助健康。富含多种维生素（如维生素 A， D， E等）和矿物质（如铁、锌、硒等），对维持身体健康状态有益。
羊驼,动物界,脊索动物门,哺乳纲,偶蹄目,骆驼科,小羊驼属,羊驼,肌肉中蛋白质含量高，达25%，富含17种氨基酸，特别是赖氨酸丰富。低脂肪，不含胆固醇，适合微胖人群。钾、磷、钠、硒等含量丰富，还含有多种维生素（如 VA ，VD ，VE， VB ，VC 等）。
番鸭,动物界,脊索动物门,鸟纲,雁形目,鸭科,栖鸭属,番鸭,高蛋白质食物，每100克鸭肉约含25克蛋白质。富含维生素B5、B6、B12，有助于能量代谢和神经系统功能。 良好的铁源，有助于预防贫血。 含有 Omega -3和 Omega -6等，对心脏健康有益。
绿头鸭,动物界,脊索动物门,鸟纲,雁形目,鸭科,鸭属,绿头鸭,高蛋白质食物，每100克鸭肉约含25克蛋白质。富含维生素B5、B6、B12，有助于能量代谢和神经系统功能。 良好的铁源，有助于预防贫血。 含有 Omega -3和 Omega -6等，对心脏健康有益。
水貂,动物界,脊索动物门,哺乳纲,食肉目,鼬科,美洲水鼬属,美洲水鼬,"蛋白质含量高（约18%)，脂肪含量适中（约12%),肉质细嫩。"
喙核桃,植物界,被子植物门,双子叶植物纲,胡桃目,胡桃科,喙核桃属,喙核桃,富含油脂、蛋白质、矿物质和维生素，具体成分可能因品种和生长条件而异。
野核桃,植物界,被子植物门,双子叶植物纲,胡桃目,胡桃科,胡桃属,野核桃,与山核桃相似，富含油脂、蛋白质和矿物质。
小果核桃,植物界,被子植物门,双子叶植物纲）,胡桃目,胡桃科,胡桃属,小果核桃,富含油脂、蛋白质、矿物质和维生素。
胡核桃,植物界,被子植物门,双子叶植物纲,胡桃目,胡桃科,胡桃属,胡桃,与喙核桃和山核桃相似，富含油脂、蛋白质和矿物质。
泡核桃,植物界,被子植物门,双子叶植物纲）,胡桃目,胡桃科,胡桃属,泡核桃,与胡桃相似，但可能因品种和生长条件而略有差异。
枫杨果,植物界,被子植物门,双子叶植物纲,胡桃目,胡桃科,枫杨属,枫杨,含有一定量的油脂、蛋白质和矿物质，但具体成分可能因品种和生长条件而异。
化香树果,植物界,被子植物门,双子叶植物纲,胡桃目,胡桃科,化香树属,化香树,可能含有一定量的油脂、蛋白质和矿物质
盐肤木,植物界,被子植物门,双子叶植物纲,无患子目,漆树科,盐肤木属,盐肤木,含有一定量的维生素、矿物质和抗氧化物质
日本栗,植物界,被子植物门,双子叶植物纲）,壳斗目,壳斗科,栗属,日本栗,富含淀粉、蛋白质、脂肪和矿物质，尤其是富含维生素C和B族维生素。
锥栗,植物界,被子植物门,双子叶植物纲）,壳斗目,壳斗科,栗属,锥栗,与日本栗相似，富含淀粉、蛋白质和矿物质。
栗,植物界,被子植物门,双子叶植物纲）,壳斗目,壳斗科,栗属,栗,富含淀粉、蛋白质、脂肪和矿物质，是秋季常见的营养食材。
茅栗,植物界,被子植物门,双子叶植物纲）,壳斗目,壳斗科,栗属,茅栗,与栗相似，但可能因品种和生长条件而略有差异。
橡果,植物界,被子植物门,双子叶植物纲,壳斗目,壳斗科,栎属,橡树,含有一定量的淀粉、蛋白质、脂肪和矿物质，尤其是富含单宁等抗氧化物质。
安第斯山核桃,植物界,被子植物门,双子叶植物纲）,胡桃目,胡桃科,胡桃属,安第斯山核桃,富含油脂、蛋白质和矿物质，尤其是富含ω-3和ω-6脂肪酸。
槟榔果,植物界,被子植物门,双子叶植物纲,棕榈目,棕榈科,槟榔属,槟榔,含有一定量的淀粉、脂肪、蛋白质和矿物质，以及生物碱等活性成分。但需注意，槟榔果的食用与健康风险需谨慎评估。
苦山杏仁,植物界,被子植物门,双子叶植物纲,蔷薇目,蔷薇科,杏属,山杏,与杏仁相似，但含有较高的苦杏仁苷等生物活性成分，需适量食用。
面包果,植物界,被子植物门,双子叶植物纲,大戟目,桑科,面包树属,面包果,富含淀粉、蛋白质、脂肪和矿物质，尤其是富含膳食纤维和维生素C等。
美洲山核桃,植物界,被子植物门,双子叶植物纲,胡桃目,胡桃科,山核桃属,美洲山核桃,与喙核桃和山核桃相似，富含油脂、蛋白质和矿物质。
腰果,植物界,被子植物门,双子叶植物纲,无患子目,漆树科,腰果属,腰果,富含油脂、蛋白质、矿物质和维生素，尤其是富含不饱和脂肪酸和维生素B群。
栗子,植物界,被子植物门,双子叶植物纲,壳斗目,壳斗科,栗属,栗,富含淀粉、蛋白质、脂肪和矿物质，尤其是富含维生素C和B族维生素。
美国核桃,植物界,被子植物门,双子叶植物纲,胡桃目,胡桃科,胡桃属,美国核桃,富含油脂、蛋白质和矿物质，尤其是富含ω-3和ω-6脂肪酸以及维生素E。
银杏果,植物界,被子植物门,双子叶植物纲,银杏目,银杏科,银杏属,银杏,富含银杏内酯、黄酮类化合物等活性成分，以及一定量的蛋白质、脂肪和矿物质。
可乐果,植物界,被子植物门,木兰纲,锦葵目,锦葵科,可乐果属,可乐果,含有可可碱、咖啡因、蛋白质、脂肪、碳水化合物及多种矿物质和维生素。
芡实,植物界,被子植物门,双子叶植物纲,睡莲目,睡莲科,芡属,芡实,含有一定量的淀粉、蛋白质和矿物质，以及维生素等营养成分。
夏威夷果,植物界,被子植物门,双子叶植物纲,山龙眼目,山龙眼科,澳洲坚果属,澳洲坚果,富含油脂（尤其是富含单不饱和脂肪酸）、蛋白质、矿物质和维生素E等。
澳洲坚果,植物界,被子植物门,木兰纲,山龙眼目,山龙眼科,澳洲坚果属,澳洲坚果,富含油脂、蛋白质、矿物质和维生素E等。
猴面包树坚果,植物界,被子植物门,双子叶植物纲,木兰目,木棉科,猴面包树属,猴面包树,富含淀粉、蛋白质、脂肪和矿物质，尤其是富含维生素C和矿物质如钙、铁等。
棕榈坚果,植物界,被子植物门,双子叶植物纲，但需注意棕榈科植物为单子叶植物纲中的特例，此处为一般描述,棕榈目,棕榈科,具体属名需根据棕榈坚果的种类确定，如油棕属等,具体种名需根据棕榈坚果的种类确定,富含油脂、蛋白质、矿物质和维生素E等，具体成分可能因种类和生长条件而异。
开心果,植物界,被子植物门,双子叶植物纲,无患子目,漆树科,阿月浑子属,阿月浑子,富含油脂（主要为不饱和脂肪酸）、蛋白质、矿物质和维生素等。
水菱角,植物界,被子植物门,双子叶植物纲,菱目,菱科,菱属,水菱角,富含淀粉、蛋白质、矿物质和维生素等，具体成分可能因种类和生长条件而异。
日本香榧,植物界,被子植物门,木兰纲,红豆杉目,红豆杉科,榧属,日本香榧,与香榧相似，富含油脂、蛋白质、矿物质和维生素等。
红松子,植物界,被子植物门,双子叶植物纲,松杉目,松科,红松属,红松,富含油脂（主要为不饱和脂肪酸）、蛋白质、矿物质和维生素E等。
华山松子,植物界,被子植物门,双子叶植物纲,松杉目,松科,华山松属,华山松,与红松子相似，富含油脂、蛋白质、矿物质和维生素等。
五针松子,植物界,被子植物门,双子叶植物纲,松杉目,松科,五针松属,五针松,与红松子和华山松子相似，富含油脂、蛋白质、矿物质和维生素等。
美人松子,Unknown,被子植物门,木兰纲,松杉目,松科,松属,美人松,与上述松子相似，富含油脂、蛋白质、矿物质和维生素等。
金钱松子,植物界,被子植物门,双子叶植物纲,松杉目,松科,金钱松属,金钱松,与上述松子相似，但可能因品种和生长环境略有差异。富含油脂、蛋白质、矿物质和维生素等。
塔松子,植物界,被子植物门,木兰纲,松杉目,松科,松属,塔松,与上述松子相似，富含油脂、蛋白质、矿物质和维生素等。
